"(7.1, 7.3)","[ -7.71057178  -8.29241304  -8.27258389  -8.27884918 -24.
 -24.00002685]"
"(7.2, 7.3)","[ -7.67826566  -8.22685308  -8.23082297  -8.25180542 -24.00000083
 -24.00002675]"
"(7.3, 7.3)","[ -7.64238263  -8.20849992  -8.17553999  -8.21295921 -24.00000083
 -24.00002675]"
"(7.4, 7.3)","[ -7.60243018  -8.18509782  -8.1712719   -8.1886121  -24.00000083
 -24.00002675]"
"(7.5, 7.3)","[ -7.55801175  -8.1112973   -8.11294305  -8.11060052 -24.00000083
 -24.00002675]"
"(7.6, 7.3)","[ -7.50866483  -8.04135276  -8.02617226  -8.03961168 -24.00000083
 -24.00002675]"
"(7.7, 7.3)","[ -7.45384146  -7.95426753  -7.98697703  -7.99832954 -24.00000083
 -24.00002675]"
"(7.8, 7.3)","[ -7.39291117  -7.95817701  -7.91738527  -7.90143047 -24.00000083
 -24.00002675]"
"(7.9, 7.3)","[ -7.32517127  -7.81779068  -7.85227768  -7.84805616 -24.00000083
 -24.00002675]"
"(8.0, 7.3)","[ -7.24987506  -7.78592821  -7.75786677  -7.77124613 -24.00000083
 -24.00002675]"
"(8.1, 7.3)","[ -7.16624378  -7.6848373   -7.63497909  -7.65032715 -24.00000083
 -24.00002675]"
"(8.2, 7.3)","[ -7.07342645  -7.55457731  -7.48895265  -7.51782186 -24.00000083
 -24.00002675]"
"(8.3, 7.3)","[ -6.97041427  -7.39621225  -7.37914523  -7.38157387 -24.00000083
 -24.00002675]"
"(8.4, 7.3)","[ -6.85598304  -7.3112853   -7.28530308  -7.29892866 -24.00000083
 -24.00002675]"
"(8.5, 7.3)","[ -6.72872412  -7.10703172  -7.1118232   -7.07588254 -24.00000083
 -24.00002675]"
"(8.6, 7.3)","[ -6.58711673  -6.97902448  -6.90865378  -6.95842105 -24.00000083
 -24.00002675]"
"(8.7, 7.3)","[ -6.42965473  -6.74832393  -6.74986371  -6.80540947 -24.00000083
 -24.00002675]"
"(8.8, 7.3)","[ -6.25499677  -6.66954712  -6.59103545  -6.62460417 -24.00000083
 -24.00002675]"
"(8.9, 7.3)","[ -6.06124507  -6.39377263  -6.3454883   -6.38947149 -24.00000083
 -24.00002675]"
"(9.0, 7.3)","[ -5.84611596  -6.21524105  -6.10404773  -6.16434029 -43.50294092
 -24.00002675]"
"(9.1, 7.3)","[ -5.60739012  -5.90405389  -5.8629038   -5.85099159 -24.00000088
 -24.0000268 ]"
"(9.2, 7.3)","[ -5.34262671  -5.64919233  -5.59000315  -5.60958447 -24.00000083
 -24.00002675]"
"(9.3, 7.3)","[ -5.04939234  -5.38294017  -5.23648935  -5.25745915 -24.00000083
 -24.00002675]"
"(9.4, 7.3)","[ -4.72364088  -5.06331105  -4.89985087  -5.06604181 -24.00000083
 -24.00002675]"
"(9.5, 7.3)","[ -4.36109951  -4.56988448  -4.48722991  -4.62401313 -24.00000083
  -4.50339356]"
"(9.6, 7.3)","[ -3.95647343  -4.26668825  -4.09288976  -4.20225742 -24.00000083
  -4.08833285]"
"(9.7, 7.3)","[ -3.50469467  -3.73233419  -3.5989221   -3.6273915  -24.00000083
  -3.5882897 ]"
"(9.8, 7.3)","[ -2.99756973  -3.31682421  -3.05634008  -3.28866756 -24.00000083
  -3.06292195]"
"(9.9, 7.3)","[ -2.59595741  -2.49851157  -2.51412991  -2.75469003 -24.00000083
  -2.42635908]"
"(10.0, 7.3)","[-24.54884348  -2.73068551  -2.71316157  -2.91161451 -24.18739358
  -2.78151318]"
"(7.0, 7.3)","[ -8.33631593 -24.18744399  -8.20873967  -8.35717098 -24.00000093
 -24.00002685]"
"(7.1, 7.4)","[ -7.94850181  -8.251021    -8.22253605  -8.24043918 -24.00000093
 -24.00002685]"
"(7.2, 7.4)","[ -7.84011113  -8.17603071  -8.18045413  -8.16936502 -24.00000083
 -24.00002675]"
"(7.3, 7.4)","[ -7.81946545  -8.17492579  -8.15945628  -8.1596915  -24.00000083
 -24.00002675]"
"(7.4, 7.4)","[ -7.79790107  -8.14761359  -8.1597489   -8.17407941 -24.00000083
 -24.00002675]"
"(7.5, 7.4)","[ -7.77471312  -8.11224686  -8.10965501  -8.10890352 -24.00000083
 -24.00002675]"
"(7.6, 7.4)","[ -7.75191466  -7.99537242  -8.01631806  -8.01472068 -24.00000083
 -24.00002675]"
"(7.7, 7.4)","[ -7.7317469   -7.96124782  -7.95878543  -7.95741608 -24.00000083
 -24.00002675]"
"(7.8, 7.4)","[ -7.70718647  -7.85694487  -7.87044652  -7.86534145 -24.00000083
 -24.00002675]"
"(7.9, 7.4)","[ -7.83671053  -7.8342039   -7.67833882  -7.85302166 -24.00000083
 -24.00002675]"
"(8.0, 7.4)","[ -7.6993235   -7.72419522  -7.51617935  -7.72016629 -24.00000093
 -24.00002685]"
"(8.1, 7.4)","[ -7.36130554  -7.56891603  -7.55883478  -7.59360655 -24.00000093
 -24.00002685]"
"(8.2, 7.4)","[ -7.45179232  -7.44562482  -7.29122826  -7.45914558 -24.00000093
 -24.00002685]"
"(8.3, 7.4)","[ -7.30879608  -7.36263078  -7.16477515  -7.2982082  -24.00000093
 -24.00002685]"
"(8.4, 7.4)","[ -7.17125962  -7.20652437  -7.03625176  -7.20211947 -24.00000093
 -24.00002685]"
"(8.5, 7.4)","[ -6.99992843  -7.07141105  -6.90924087  -6.98875954 -24.00000093
 -24.00002685]"
"(8.6, 7.4)","[ -6.82376121  -6.83811203  -6.67607139  -6.85300424 -24.00000093
 -24.00002685]"
"(8.7, 7.4)","[ -6.61478008  -6.68975362  -6.48659498  -6.68165213 -24.00000093
 -24.00002685]"
"(8.8, 7.4)","[ -6.39841995  -6.48469979  -6.28997913  -6.46013086 -24.00000093
 -24.00002685]"
"(8.9, 7.4)","[ -5.83210711  -6.21015786  -6.15351347  -6.25847027 -24.00000093
 -24.00002685]"
"(9.0, 7.4)","[ -5.5905135   -5.90933651  -5.8685688   -5.94652508 -24.00000093
 -24.00002685]"
"(9.1, 7.4)","[ -5.32317051  -5.69108751  -5.55537426  -5.58265809 -24.00000093
 -24.00002685]"
"(9.2, 7.4)","[ -5.02650306  -5.31039007  -5.26327702  -5.32531169 -24.00000083
 -24.00002675]"
"(9.3, 7.4)","[ -4.69613238  -5.06287044  -4.91207697  -4.91671347 -24.00000083
 -24.00002675]"
"(9.4, 7.4)","[ -4.32685224  -4.6130276   -4.51785069  -4.54070443 -24.00000083
 -24.00002675]"
"(9.5, 7.4)","[ -3.91704551  -4.26996273  -4.07335843  -4.15975642 -24.00000083
  -4.07641453]"
"(9.6, 7.4)","[ -3.46423522  -3.67940391  -3.61056033  -3.64889295 -24.00000083
  -3.61442581]"
"(9.7, 7.4)","[ -2.96657211  -3.20105175  -3.0762872   -3.13380246 -24.00000083
  -3.07535874]"
"(9.8, 7.4)","[ -2.41220912  -2.61565972  -2.48933423  -2.53345377 -24.00000083
  -2.46909217]"
"(9.9, 7.4)","[ -1.9347516   -1.90874933  -1.84150946  -1.85612517 -24.00000083
  -1.77575692]"
"(10.0, 7.4)","[-24.18741792  -2.28384409  -2.22426269  -2.34905937 -24.00000098
  -2.23613967]"
"(7.0, 7.4)","[ -8.25060605 -24.00000026  -8.07664796  -8.26806081 -24.00002665
 -24.00005257]"
"(7.1, 7.5)","[ -8.2204067   -8.22054004  -8.22737199  -8.13917158 -24.00000093
 -24.00002685]"
"(7.2, 7.5)","[ -7.87156146  -8.21684012  -8.22159719  -8.19864315 -24.00000083
 -24.00002675]"
"(7.3, 7.5)","[ -7.72651578  -8.17140323  -8.18608025  -8.17202809 -24.00000083
 -24.00002675]"
"(7.4, 7.5)","[ -7.6510768   -8.14742526  -8.13955201  -8.14192835 -24.00000083
 -24.00002675]"
"(7.5, 7.5)","[ -7.61413266  -8.12911821  -8.1134901   -8.11379465 -24.00000083
 -24.00002675]"
"(7.6, 7.5)","[ -7.57174365  -8.05118653  -8.03685979  -8.02694256 -24.00000083
 -24.00002675]"
"(7.7, 7.5)","[ -7.51879268  -7.91762549  -7.91598145  -7.93168999 -24.00000083
 -24.00002675]"
"(7.8, 7.5)","[ -7.45956648  -7.84207861  -7.81295567  -7.82776241 -24.00000083
 -24.00002675]"
"(7.9, 7.5)","[ -7.46372094  -7.74136113  -7.77505951  -7.77340317 -43.85103757
 -24.00002685]"
"(8.0, 7.5)","[ -7.23012022  -7.66990935  -7.62785184  -7.62251902 -24.00000088
 -24.0000268 ]"
"(8.1, 7.5)","[ -7.09928266  -7.48374852  -7.51021005  -7.52482462 -24.00000093
 -24.00002685]"
"(8.2, 7.5)","[ -6.95460934  -7.41965558  -7.40552663  -7.37310959 -24.00000093
 -24.00002685]"
"(8.3, 7.5)","[ -6.84516168  -7.24894329  -7.25429353  -7.20501418 -24.00000093
 -24.00002685]"
"(8.4, 7.5)","[ -6.71805051  -7.11022491  -7.02334967  -7.05186904 -24.00000093
 -24.00002685]"
"(8.5, 7.5)","[ -6.57384974  -6.9699195   -6.97319798  -6.94762289 -24.00000093
 -24.00002685]"
"(8.6, 7.5)","[ -6.27038872  -6.75151375  -6.69748643  -6.73404335 -24.00000093
 -24.00002685]"
"(8.7, 7.5)","[ -6.06869681  -6.49608575  -6.56856883  -6.50295461 -24.00000093
 -24.00002685]"
"(8.8, 7.5)","[ -5.84567496  -6.36016844  -6.32006586  -6.34637631 -24.00000093
 -24.00002685]"
"(8.9, 7.5)","[ -5.59583433  -6.15992507  -6.17597421  -6.10258336 -24.00000093
 -24.00002685]"
"(9.0, 7.5)","[ -5.31747833  -5.96524639  -5.76759331  -5.78021188 -24.00000093
 -24.00002685]"
"(9.1, 7.5)","[ -5.01157525  -5.5031846   -5.44310145  -5.41549518 -24.00000093
 -24.00002685]"
"(9.2, 7.5)","[ -4.6814561   -5.21460151  -5.19433054  -5.11402372 -24.00000083
 -24.00002675]"
"(9.3, 7.5)","[ -4.32183376  -4.78767174  -4.67138576  -4.67067257 -24.00000083
 -24.00002675]"
"(9.4, 7.5)","[ -3.90580485  -4.3082232   -4.2395149   -4.26271218 -24.00000083
 -24.00002675]"
"(9.5, 7.5)","[ -3.42114964  -3.94530754  -3.92833678  -3.79363886 -24.00000083
  -3.7552415 ]"
"(9.6, 7.5)","[ -2.89728597  -3.41586223  -3.35672665  -3.20450756 -42.86583835
  -3.16588368]"
"(9.7, 7.5)","[ -2.33020332  -2.59907033  -2.5179853   -2.89623245 -24.00000083
  -2.52236171]"
"(9.8, 7.5)","[ -1.70010983  -1.84353547  -2.20793475  -1.83310308 -24.00000083
  -1.83174129]"
"(9.9, 7.5)","[ -1.50696204  -1.42171984  -1.29314636  -1.18571778 -24.00000093
  -1.        ]"
"(10.0, 7.5)","[-24.18741787  -1.90010983  -2.20918873  -1.90485764 -42.65047271
  -1.90013088]"
"(7.0, 7.5)","[ -8.18719392 -24.00000026  -7.93194948  -8.18799911 -24.00002665
 -24.00005257]"
"(7.1, 7.6)","[ -8.08065244  -8.1152647   -8.12176607  -8.15757354 -24.00000093
 -24.00002685]"
"(7.2, 7.6)","[ -8.18075783  -8.19508807  -8.19142788  -8.09646846 -24.00000083
 -24.00002675]"
"(7.3, 7.6)","[ -8.16230323  -8.20242645  -8.16204897  -7.94764963 -24.00000083
 -24.00002675]"
"(7.4, 7.6)","[ -7.75671607  -8.12902525  -8.11379591  -8.1217516  -24.00000083
 -24.00002675]"
"(7.5, 7.6)","[ -7.73408544  -8.11478269  -8.11826637  -8.13119703 -24.00000083
 -24.00002675]"
"(7.6, 7.6)","[ -7.7410258   -8.06486526  -8.05553877  -8.06819396 -24.00000083
 -24.00002675]"
"(7.7, 7.6)","[ -7.63246831  -7.96743155  -7.94405807  -7.93007613 -24.00000083
 -24.00002675]"
"(7.8, 7.6)","[ -7.59647932  -7.89600977  -7.86500158  -7.84216844 -24.00000083
 -24.00002675]"
"(7.9, 7.6)","[ -7.55303881  -7.77205687  -7.78508126  -7.75810669 -24.00000093
 -24.00002685]"
"(8.0, 7.6)","[ -7.49956942  -7.72407574  -7.68539503  -7.70011303 -24.00000088
 -24.0000268 ]"
"(8.1, 7.6)","[ -7.52997851  -7.60082158  -7.54847494  -7.42947276 -24.00000093
 -24.00002685]"
"(8.2, 7.6)","[ -7.42667782  -7.42614758  -7.44556294  -7.28575765 -24.00000093
 -24.00002685]"
"(8.3, 7.6)","[ -7.29392835  -7.31060307  -7.37964869  -7.16558351 -24.00000093
 -24.00002685]"
"(8.4, 7.6)","[ -7.16663159  -7.15564341  -7.1647503   -7.03130248 -24.00000093
 -24.00002685]"
"(8.5, 7.6)","[ -7.01576067  -7.04753739  -7.03568433  -6.71187002 -24.00000093
 -43.67480089]"
"(8.6, 7.6)","[ -6.83155885  -6.88975482  -6.86752265  -6.48380645 -24.00000093
 -24.00002685]"
"(8.7, 7.6)","[ -6.66382311  -6.70259717  -6.66561117  -6.41758255 -24.00000093
 -24.00002685]"
"(8.8, 7.6)","[ -6.17865679  -6.55126184  -6.52644841  -6.43440625 -24.00000093
 -24.00002685]"
"(8.9, 7.6)","[ -6.18246112  -6.2128881   -6.23292778  -5.92234368 -24.00000093
 -24.00002685]"
"(9.0, 7.6)","[ -5.94402231  -6.03437765  -5.9814031   -5.83271651 -24.00000093
 -24.00002685]"
"(9.1, 7.6)","[ -5.67013211  -5.73839358  -5.68224412  -5.37035861 -24.00000093
 -24.00002685]"
"(9.2, 7.6)","[ -5.39713195  -5.38117177  -5.42077339  -5.05413816 -24.00000083
 -24.00002675]"
"(9.3, 7.6)","[ -5.04263168  -5.12211998  -5.05821863  -4.89677969 -24.00000083
 -24.00002675]"
"(9.4, 7.6)","[ -4.63830187  -4.70737213  -4.82978464  -4.51665779 -24.00000083
 -24.00002675]"
"(9.5, 7.6)","[ -4.20031596  -4.30313064  -4.40356159  -3.90105517 -24.00000083
 -24.00002675]"
"(9.6, 7.6)","[ -3.72860377  -3.87499201  -3.8176104   -3.51935    -24.00000083
 -24.00002675]"
"(9.7, 7.6)","[ -2.89869075  -3.38870602  -3.2764186   -3.18049993 -24.00000083
 -24.00002675]"
"(9.8, 7.6)","[ -2.33439247  -2.82885914  -2.63644845  -2.53972342 -24.00000083
 -24.00002675]"
"(9.9, 7.6)","[ -1.99904167  -2.2034192   -1.98304727  -1.70030822 -24.00000093
 -24.00002685]"
"(10.0, 7.6)","[-24.18744353  -2.54107222  -2.82444234  -2.51038393 -24.00000093
 -24.00002685]"
"(7.0, 7.6)","[ -8.03899941 -24.00000026  -7.86203042  -8.08259218 -24.00002665
 -24.00005257]"
"(7.1, 7.7)","[ -7.90307344  -8.02939353  -8.0372172   -8.03394643 -24.00000093
 -24.00002685]"
"(7.2, 7.7)","[ -7.89328478  -8.13223624  -8.13115117  -8.14953849 -24.00000083
 -24.00002675]"
"(7.3, 7.7)","[ -7.8862701   -8.08665145  -8.08731053  -8.08411508 -24.00000083
 -24.00002675]"
"(7.4, 7.7)","[ -8.05136337  -8.07702722  -7.8707841   -8.06905853 -24.00000083
 -24.00002675]"
"(7.5, 7.7)","[ -8.10418897  -8.08113631  -8.03678168  -8.09986328 -24.00000083
 -24.00002675]"
"(7.6, 7.7)","[ -8.08607609  -8.11154729  -8.09217962  -7.92238007 -24.00000083
 -24.00002675]"
"(7.7, 7.7)","[ -7.52142379  -8.07160619  -8.05335815  -8.02581853 -24.00000083
 -24.00002675]"
"(7.8, 7.7)","[ -7.46767231  -8.00554082  -7.96532629  -7.95519061 -24.00000083
 -24.00002675]"
"(7.9, 7.7)","[ -7.40830164  -7.94588159  -7.9017566   -7.88982566 -24.00000093
 -24.00002685]"
"(8.0, 7.7)","[ -7.34469762  -7.84787881  -7.77290067  -7.79047049 -24.00000088
 -24.0000268 ]"
"(8.1, 7.7)","[ -7.27842036  -7.72918707  -7.66434193  -7.65724147 -24.00000093
 -24.00002685]"
"(8.2, 7.7)","[ -7.20608365  -7.59852011  -7.58626016  -7.59211805 -24.00000093
 -24.00002685]"
"(8.3, 7.7)","[ -7.11248928  -7.482402    -7.49112136  -7.45915807 -24.00000093
 -24.00002685]"
"(8.4, 7.7)","[ -6.97983393  -7.33312482  -7.38032841  -7.30471129 -24.00000093
 -24.00002685]"
"(8.5, 7.7)","[ -7.16587418  -7.17800286  -7.20223048  -6.85354439 -24.00000093
 -24.00002685]"
"(8.6, 7.7)","[ -7.04113025  -7.07349715  -7.05682345  -6.87096036 -24.00000093
 -24.00002685]"
"(8.7, 7.7)","[ -6.85975068  -6.89903529  -6.83109251  -6.74604152 -24.00000093
 -24.00002685]"
"(8.8, 7.7)","[ -6.53251234  -6.73797258  -6.80360093  -6.71089877 -24.00000093
 -24.00002685]"
"(8.9, 7.7)","[ -6.4912799   -6.57153299  -6.53593442  -6.36395226 -24.00000093
 -24.00002685]"
"(9.0, 7.7)","[ -5.88710161  -6.32072626  -6.31565929  -6.19840926 -24.00000093
 -24.00002685]"
"(9.1, 7.7)","[ -5.92907357  -6.00982954  -6.05768714  -5.69691017 -24.00000093
 -24.00002685]"
"(9.2, 7.7)","[ -5.69568916  -5.70137067  -5.70147444  -5.40756068 -24.00000083
 -24.00002675]"
"(9.3, 7.7)","[ -5.03920459  -5.54046299  -5.48632298  -5.4021303  -24.00000083
 -24.00002675]"
"(9.4, 7.7)","[ -4.72646501  -5.16154169  -5.09080008  -5.02869898 -24.00000083
 -24.00002675]"
"(9.5, 7.7)","[ -4.62917     -4.67724733  -4.76159721  -4.32967696 -24.00000083
 -24.00002675]"
"(9.6, 7.7)","[ -4.22837847  -4.3097292   -4.24883735  -4.13846644 -24.00000083
 -24.00002675]"
"(9.7, 7.7)","[ -3.41552334  -3.73986323  -3.7242552   -3.71535477 -24.00000083
 -24.00002675]"
"(9.8, 7.7)","[ -2.90971659  -3.40172661  -3.38251566  -3.12855289 -24.00000083
 -24.00002675]"
"(9.9, 7.7)","[ -2.59463778  -2.75074269  -2.59933375  -2.33143208 -24.00000093
 -24.00002685]"
"(10.0, 7.7)","[-24.18744353  -3.07011366  -3.15872546  -3.05963804 -24.00000093
 -24.00002685]"
"(7.0, 7.7)","[ -7.92442706 -24.00000026  -7.76819383  -7.96324863 -24.00002665
 -24.00005257]"
"(7.1, 7.8)","[ -7.98360884  -7.95391532  -7.98139968  -8.00683191 -24.00000093
 -24.00002685]"
"(7.2, 7.8)","[ -7.70167105  -8.04520793  -8.05021544  -8.06990193 -24.00000083
 -24.00002675]"
"(7.3, 7.8)","[ -7.66934049  -8.02982142  -8.00818583  -8.05202492 -24.00000083
 -24.00002675]"
"(7.4, 7.8)","[ -8.0138994   -8.0036637   -7.61038582  -7.98053075 -24.00000083
 -24.00002675]"
"(7.5, 7.8)","[ -8.01202763  -7.82231728  -8.00257722  -8.0260857  -24.00000083
 -24.00002675]"
"(7.6, 7.8)","[ -8.09476323  -8.0212184   -8.09506312  -8.11347027 -24.00000083
 -24.00002675]"
"(7.7, 7.8)","[ -7.59809211  -8.05594019  -8.06483382  -8.03359851 -24.00000083
 -24.00002675]"
"(7.8, 7.8)","[ -7.55362926  -8.00267391  -8.00544179  -7.98345028 -24.00000083
 -24.00002675]"
"(7.9, 7.8)","[ -7.50663614  -7.92647994  -7.9504809   -7.91471387 -24.00000093
 -24.00002685]"
"(8.0, 7.8)","[ -7.45383038  -7.86215878  -7.86844094  -7.80850407 -24.00000088
 -24.0000268 ]"
"(8.1, 7.8)","[ -7.38976228  -7.78084841  -7.73536148  -7.73563411 -24.00000093
 -24.00002685]"
"(8.2, 7.8)","[ -7.31982239  -7.70146429  -7.72145572  -7.70271964 -24.00000093
 -24.00002685]"
"(8.3, 7.8)","[ -7.24542069  -7.6411795   -7.67609865  -7.62042963 -24.00000093
 -24.00002685]"
"(8.4, 7.8)","[ -7.15101603  -7.45432731  -7.46196428  -7.45632646 -24.00000093
 -24.00002685]"
"(8.5, 7.8)","[ -7.30050773  -7.3819525   -7.41450397  -7.03789977 -24.00000093
 -24.00002685]"
"(8.6, 7.8)","[ -6.80950085  -7.25261068  -7.27143058  -7.21749193 -24.00000093
 -24.00002685]"
"(8.7, 7.8)","[ -6.67533577  -7.10523507  -7.06979984  -7.05518427 -24.00000093
 -24.00002685]"
"(8.8, 7.8)","[ -6.5393503   -6.9230396   -6.92516416  -6.91245229 -24.00000093
 -24.00002685]"
"(8.9, 7.8)","[ -6.36968471  -6.76762128  -6.71628715  -6.68774948 -24.00000093
 -24.00002685]"
"(9.0, 7.8)","[ -6.17065928  -6.52363512  -6.56347548  -6.48148173 -24.00000093
 -24.00002685]"
"(9.1, 7.8)","[ -6.24361388  -6.30864514  -6.29458598  -5.99799634 -24.00000093
 -24.00002685]"
"(9.2, 7.8)","[ -6.02046609  -6.03655778  -6.08482076  -5.63502719 -24.00000083
 -24.00002675]"
"(9.3, 7.8)","[ -5.35822175  -5.80142128  -5.75587864  -5.72211557 -24.00000083
 -24.00002675]"
"(9.4, 7.8)","[ -5.05962949  -5.51611999  -5.41587084  -5.37017982 -24.00000083
 -24.00002675]"
"(9.5, 7.8)","[ -5.00725262  -5.11020368  -5.12466188  -4.76643617 -24.00000083
 -24.00002675]"
"(9.6, 7.8)","[ -4.32928628  -4.72385676  -4.79243028  -4.72538832 -24.00000083
 -24.00002675]"
"(9.7, 7.8)","[ -3.87833101  -4.43207036  -4.32535133  -4.23172687 -24.00000083
 -24.00002675]"
"(9.8, 7.8)","[ -3.42026469  -3.90536365  -3.86637361  -3.7197326  -24.00000083
 -24.00002675]"
"(9.9, 7.8)","[ -3.2689662   -3.23325598  -3.35426401  -2.90060496 -24.00000093
 -24.00002685]"
"(10.0, 7.8)","[-43.15017873  -3.60316014  -3.74372493  -3.55395827 -24.00000093
 -24.00002685]"
"(7.0, 7.8)","[ -7.88610832 -24.00000026  -7.67899742  -7.88183494 -24.00002665
 -24.00005257]"
"(7.1, 7.9)","[ -7.60662049  -7.88213435  -7.87816565  -7.91471281 -24.00000093
 -24.00002685]"
"(7.2, 7.9)","[ -7.55713173  -7.90595803  -7.90189755  -7.91780172 -24.00000083
 -24.00002675]"
"(7.3, 7.9)","[ -7.49237705  -7.8961576   -7.88925489  -7.90601983 -24.00000083
 -24.00002675]"
"(7.4, 7.9)","[ -7.88877955  -7.91728218  -7.38078034  -7.92416246 -24.00000083
 -24.00002675]"
"(7.5, 7.9)","[ -7.89240801  -7.70435653  -7.89391371  -7.93821296 -24.00000083
 -24.00002675]"
"(7.6, 7.9)","[ -8.00400739  -7.9772083   -7.81261271  -8.01959734 -24.00000083
 -24.00002675]"
"(7.7, 7.9)","[ -8.06806339  -8.0680259   -8.01464436  -8.07204475 -24.00000083
 -24.00002675]"
"(7.8, 7.9)","[ -7.63982908  -8.08330878  -8.07697196  -8.05058296 -24.00000083
 -24.00002675]"
"(7.9, 7.9)","[ -7.60198206  -7.99590325  -8.0066681   -7.9954874  -24.00000093
 -24.00002685]"
"(8.0, 7.9)","[ -7.56853264  -7.93572665  -7.95142691  -7.92610653 -24.00000088
 -24.0000268 ]"
"(8.1, 7.9)","[ -7.52970282  -7.87816354  -7.88049744  -7.8473824  -24.00000093
 -24.00002685]"
"(8.2, 7.9)","[ -7.48205352  -7.85422839  -7.89128503  -7.83416182 -24.00000093
 -24.00002685]"
"(8.3, 7.9)","[ -7.43464282  -7.76382896  -7.75897842  -7.75245979 -24.00000093
 -24.00002685]"
"(8.4, 7.9)","[ -7.39382145  -7.6453361   -7.63385033  -7.6080034  -24.00000093
 -24.00002685]"
"(8.5, 7.9)","[ -7.49703781  -7.51901285  -7.54883415  -7.2544151  -24.00000093
 -24.00002685]"
"(8.6, 7.9)","[ -7.04097088  -7.3857898   -7.41991929  -7.36924416 -24.00000093
 -24.00002685]"
"(8.7, 7.9)","[ -6.93818839  -7.32637991  -7.27330061  -7.26835352 -24.00000093
 -24.00002685]"
"(8.8, 7.9)","[ -6.83543615  -7.09696367  -7.10943198  -7.09186536 -24.00000093
 -24.00002685]"
"(8.9, 7.9)","[ -6.70792177  -6.95081313  -6.98551938  -6.91308486 -24.00000093
 -24.00002685]"
"(9.0, 7.9)","[ -6.55111438  -6.77512258  -6.7229751   -6.70990947 -24.00000093
 -24.00002685]"
"(9.1, 7.9)","[ -6.50016612  -6.56416076  -6.58219562  -6.37564657 -24.00000093
 -24.00002685]"
"(9.2, 7.9)","[ -6.26430573  -6.35367064  -6.31145421  -5.90021829 -24.00000083
 -24.00002675]"
"(9.3, 7.9)","[ -5.75101936  -6.11354046  -6.00915385  -6.00523994 -24.00000083
 -24.00002675]"
"(9.4, 7.9)","[ -5.47327398  -5.7245153   -5.71134351  -5.71249819 -24.00000083
 -24.00002675]"
"(9.5, 7.9)","[ -5.35831953  -5.44115642  -5.37317331  -5.07529652 -24.00000083
 -24.00002675]"
"(9.6, 7.9)","[ -5.06032728  -5.19667953  -5.0560078   -4.90353303 -24.00000083
 -24.00002675]"
"(9.7, 7.9)","[ -4.29524132  -4.62866588  -4.72345889  -4.61686505 -24.00000083
 -24.00002675]"
"(9.8, 7.9)","[ -3.88494533  -4.22951828  -4.36832753  -4.21596741 -24.00000083
 -24.00002675]"
"(9.9, 7.9)","[ -3.75811935  -3.82802996  -3.86852528  -3.41503675 -24.00000093
 -24.00002685]"
"(10.0, 7.9)","[-24.18744353  -4.03589224  -4.16740496  -3.99892572 -24.00000093
 -24.00002685]"
"(7.0, 7.9)","[ -7.82860681 -24.00000026  -7.57020382  -7.86673965 -24.00002665
 -24.00005257]"
"(7.1, 8.0)","[ -7.5086717   -7.81362351  -7.83251726  -7.81671562 -24.00000093
 -24.00002685]"
"(7.2, 8.0)","[ -7.45773704  -7.81581917  -7.78903305  -7.7920606  -24.00000083
 -24.00002675]"
"(7.3, 8.0)","[ -7.40874883  -7.82609999  -7.78701663  -7.79658558 -24.00000083
 -24.00002675]"
"(7.4, 8.0)","[ -7.76240237  -7.73593323  -7.30168873  -7.81080819 -24.00000083
 -24.00002675]"
"(7.5, 8.0)","[ -7.84325986  -7.44665853  -7.79980196  -7.8234849  -24.00000083
 -24.00002675]"
"(7.6, 8.0)","[ -7.89954921  -7.60621652  -7.88644517  -7.92771638 -24.00000083
 -24.00002675]"
"(7.7, 8.0)","[ -7.97962718  -7.80822299  -7.9980374   -7.9920731  -24.00000083
 -24.00002675]"
"(7.8, 8.0)","[ -7.77141934  -8.04346205  -8.05051298  -8.03829071 -24.00000083
 -24.00002675]"
"(7.9, 8.0)","[ -7.74173574  -8.04838025  -8.02407099  -8.017927   -24.00000093
 -24.00002685]"
"(8.0, 8.0)","[ -7.71975149  -8.02849704  -8.06349202  -8.03177294 -24.00000088
 -24.0000268 ]"
"(8.1, 8.0)","[ -7.70010366  -7.98526465  -7.9802914   -7.96272533 -24.00000093
 -24.00002685]"
"(8.2, 8.0)","[ -7.67538972  -7.9504303   -7.9672191   -7.92853242 -24.00000093
 -24.00002685]"
"(8.3, 8.0)","[ -7.64636076  -7.89871735  -7.85741355  -7.85712166 -24.00000093
 -24.00002685]"
"(8.4, 8.0)","[ -7.60672152  -7.79177054  -7.75482342  -7.74311561 -24.00000093
 -24.00002685]"
"(8.5, 8.0)","[ -7.6337784   -7.64562454  -7.6354155   -7.56046131 -24.00000093
 -24.00002685]"
"(8.6, 8.0)","[ -7.1134217   -7.51244526  -7.53705731  -7.51547416 -24.00000093
 -24.00002685]"
"(8.7, 8.0)","[ -7.01904575  -7.37798372  -7.39925806  -7.3995542  -24.00000093
 -24.00002685]"
"(8.8, 8.0)","[ -6.91307561  -7.27195677  -7.24517995  -7.24318943 -24.00000093
 -24.00002685]"
"(8.9, 8.0)","[ -6.78838422  -7.09620851  -7.12181168  -7.09624615 -24.00000093
 -24.00002685]"
"(9.0, 8.0)","[ -6.65285303  -6.97910305  -6.94417047  -6.88729452 -24.00000093
 -24.00002685]"
"(9.1, 8.0)","[ -6.50680909  -6.81269675  -6.80716642  -6.73218819 -24.00000093
 -24.00002685]"
"(9.2, 8.0)","[ -6.51814098  -6.62334065  -6.60906566  -6.33498114 -24.00000083
 -24.00002675]"
"(9.3, 8.0)","[ -6.13846217  -6.40193343  -6.34918447  -6.27755679 -24.00000083
 -24.00002675]"
"(9.4, 8.0)","[ -6.00211579  -6.00301615  -6.1201304   -5.9359132  -24.00000083
 -24.00002675]"
"(9.5, 8.0)","[ -5.71241111  -5.80162679  -5.8369082   -5.36158453 -43.39499643
 -24.00002675]"
"(9.6, 8.0)","[ -4.99962536  -5.53386898  -5.49911947  -5.44171277 -24.00000083
 -24.00002675]"
"(9.7, 8.0)","[ -4.66869321  -5.16258982  -5.12888426  -5.05181242 -24.00000083
 -24.00002675]"
"(9.8, 8.0)","[ -4.30520829  -4.70676396  -4.65440062  -4.64886342 -24.00000083
 -24.00002675]"
"(9.9, 8.0)","[ -4.33935927  -4.33785225  -4.3317949   -3.8803864  -24.00000093
 -24.00002685]"
"(10.0, 8.0)","[-24.18744353  -4.46061381  -4.64323874  -4.39930493 -24.00000093
 -57.76303862]"
"(7.0, 8.0)","[ -7.73881226 -24.00000026  -7.51860008  -7.73176322 -24.00002665
 -24.00005257]"
"(7.1, 8.1)","[ -7.73179138  -7.70714068  -7.73398211  -7.72983929 -24.00000093
 -24.00002685]"
"(7.2, 8.1)","[ -7.66200088  -7.71310978  -7.67763441  -7.72288174 -24.00000083
 -24.00002675]"
"(7.3, 8.1)","[ -7.65988019  -7.67203728  -7.6317329   -7.6553304  -24.00000083
 -24.00002675]"
"(7.4, 8.1)","[ -7.66454218  -7.66290797  -7.12997284  -7.66094531 -24.00000083
 -24.00002675]"
"(7.5, 8.1)","[ -7.70749322  -7.68069029  -7.5570193   -7.75280762 -24.00000083
 -24.00002675]"
"(7.6, 8.1)","[ -7.88786785  -7.82934128  -7.74837787  -7.83499063 -24.00000083
 -24.00002675]"
"(7.7, 8.1)","[ -7.75794846  -7.97461347  -7.97815351  -7.98592234 -24.00000083
 -24.00002675]"
"(7.8, 8.1)","[ -7.72144263  -8.04548376  -8.03475976  -8.02397648 -24.00000083
 -24.00002675]"
"(7.9, 8.1)","[ -7.67805236  -8.05028257  -8.05769729  -8.05267206 -24.00000093
 -24.00002685]"
"(8.0, 8.1)","[ -7.63722612  -8.08109487  -8.06901963  -8.08007057 -24.00000088
 -24.0000268 ]"
"(8.1, 8.1)","[ -7.61134951  -8.07089736  -8.06730878  -8.04926158 -24.00000093
 -24.00002685]"
"(8.2, 8.1)","[ -7.57996277  -8.01173205  -8.00188339  -7.97855164 -24.00000093
 -24.00002685]"
"(8.3, 8.1)","[ -7.48510896  -7.90066617  -7.9174388   -7.90028616 -24.00000093
 -24.00002685]"
"(8.4, 8.1)","[ -7.47334487  -7.85897616  -7.81240404  -7.8350771  -24.00000093
 -24.00002685]"
"(8.5, 8.1)","[ -7.25339787  -7.75450524  -7.75119918  -7.75141815 -24.00000093
 -43.80605605]"
"(8.6, 8.1)","[ -7.17069338  -7.63346791  -7.63721892  -7.62567096 -24.00000093
 -24.00002685]"
"(8.7, 8.1)","[ -7.07783117  -7.53931134  -7.51989341  -7.51932551 -24.00000093
 -24.00002685]"
"(8.8, 8.1)","[ -6.97364532  -7.44719392  -7.41794181  -7.40239914 -24.00000093
 -24.00002685]"
"(8.9, 8.1)","[ -6.85750944  -7.29267088  -7.29396638  -7.25200681 -24.00000093
 -24.00002685]"
"(9.0, 8.1)","[ -6.72904869  -7.07121927  -7.16478588  -7.07306358 -24.00000093
 -24.00002685]"
"(9.1, 8.1)","[ -6.5875241   -6.85411052  -6.94544143  -6.86800355 -24.00000093
 -24.00002685]"
"(9.2, 8.1)","[ -6.43144202  -6.72657184  -6.73428478  -6.6914762  -24.00000083
 -24.00002675]"
"(9.3, 8.1)","[ -6.25775507  -6.53854541  -6.55779823  -6.52140761 -24.00000083
 -43.58744447]"
"(9.4, 8.1)","[ -6.06101598  -6.37149202  -6.34550202  -6.28454387 -24.00000083
 -24.00002675]"
"(9.5, 8.1)","[ -6.02583306  -6.11349308  -6.03836735  -5.83613941 -24.00000083
 -24.00002675]"
"(9.6, 8.1)","[ -5.30921176  -5.83977535  -5.86410258  -5.73655898 -24.00000083
 -24.00002675]"
"(9.7, 8.1)","[ -5.0116522   -5.42863182  -5.45265974  -5.4322194  -24.00000083
 -24.00002675]"
"(9.8, 8.1)","[ -4.6707265   -5.17253107  -5.1452148   -5.0168473  -24.00000083
 -24.00002675]"
"(9.9, 8.1)","[ -4.70086508  -4.67748119  -4.79460117  -4.2986483  -24.00000093
 -43.1663728 ]"
"(10.0, 8.1)","[-24.18744353  -4.84510558  -4.90211816  -4.7597932  -24.00000093
 -43.25459069]"
"(7.0, 8.1)","[ -7.66631681 -24.00000026  -7.45208823  -7.64410941 -24.00002665
 -24.00005257]"
"(7.1, 8.2)","[ -7.46955352  -7.61127938  -7.61166213  -7.63825186 -24.00000093
 -24.00002685]"
"(7.2, 8.2)","[ -7.42891298  -7.5729795   -7.57597505  -7.57432995 -24.00000083
 -24.00002675]"
"(7.3, 8.2)","[ -7.53538892  -7.5572806   -7.30382628  -7.55047296 -24.00000083
 -24.00002675]"
"(7.4, 8.2)","[ -7.462277    -7.48016337  -7.04062484  -7.47180919 -24.00000083
 -24.00002675]"
"(7.5, 8.2)","[ -7.53910938  -7.17956369  -7.53592301  -7.54922558 -24.00000083
 -24.00002675]"
"(7.6, 8.2)","[ -7.71772311  -7.52113463  -7.68053537  -7.65776612 -24.00000083
 -24.00002675]"
"(7.7, 8.2)","[ -7.84861433  -7.71179226  -7.84727869  -7.88190742 -24.00000083
 -24.00002675]"
"(7.8, 8.2)","[ -7.91502186  -7.96783682  -7.96353308  -7.97361339 -24.00000083
 -24.00002675]"
"(7.9, 8.2)","[ -8.06308594  -8.02665739  -7.85837261  -8.02666945 -24.00000093
 -24.00002685]"
"(8.0, 8.2)","[ -7.86065398  -8.07075307  -8.06325642  -8.06542986 -24.00000088
 -24.0000268 ]"
"(8.1, 8.2)","[ -7.82989043  -8.08326663  -8.10919547  -8.09649916 -24.00000093
 -24.00002685]"
"(8.2, 8.2)","[ -8.04977374  -8.04604963  -8.06928931  -7.80052543 -24.00000093
 -24.00002685]"
"(8.3, 8.2)","[ -7.5513784   -8.02946233  -8.0035838   -7.98446075 -24.00000093
 -24.00002685]"
"(8.4, 8.2)","[ -7.89694189  -7.92457768  -7.91555826  -7.50747119 -24.00000093
 -24.00002685]"
"(8.5, 8.2)","[ -7.4320231   -7.84267581  -7.79708585  -7.81859158 -24.00000093
 -24.00002685]"
"(8.6, 8.2)","[ -7.39878711  -7.7705454   -7.76569022  -7.7572083  -24.00000093
 -24.00002685]"
"(8.7, 8.2)","[ -7.14026395  -7.64908641  -7.68754978  -7.64264203 -24.00000093
 -24.00002685]"
"(8.8, 8.2)","[ -7.05336371  -7.55920287  -7.57562366  -7.54159804 -24.00000093
 -24.00002685]"
"(8.9, 8.2)","[ -6.88513513  -7.45234557  -7.45675487  -7.42776656 -24.00000093
 -24.00002685]"
"(9.0, 8.2)","[ -6.76816429  -7.30301725  -7.25689969  -7.2684312  -24.00000093
 -24.00002685]"
"(9.1, 8.2)","[ -6.63606929  -7.13649045  -7.14894366  -7.09353515 -24.00000093
 -24.00002685]"
"(9.2, 8.2)","[ -6.48469146  -6.94472569  -6.99075348  -6.8896801  -43.35699479
 -24.00002675]"
"(9.3, 8.2)","[ -6.31476828  -6.7886222   -6.82979859  -6.74080737 -24.00000083
 -24.00002675]"
"(9.4, 8.2)","[ -6.11923033  -6.53595431  -6.60614991  -6.51758477 -24.00000083
 -24.00002675]"
"(9.5, 8.2)","[ -5.84747905  -6.34841185  -6.36530793  -6.30196614 -24.00000083
 -24.00002675]"
"(9.6, 8.2)","[ -5.60599537  -6.14264775  -6.07667831  -6.02767665 -24.00000083
 -24.00002675]"
"(9.7, 8.2)","[ -5.33621834  -5.83966556  -5.80252819  -5.75345192 -24.00000083
 -24.00002675]"
"(9.8, 8.2)","[ -5.03839215  -5.49027854  -5.47860239  -5.41052796 -24.00000083
 -24.00002675]"
"(9.9, 8.2)","[ -5.12937204  -5.16413746  -5.23371445  -4.73147315 -24.00000093
 -24.00002685]"
"(10.0, 8.2)","[-24.18744353  -5.15544926  -5.17951807  -5.08416213 -24.00000093
 -24.00002685]"
"(7.0, 8.2)","[ -7.55134673 -24.00000026  -7.33112709  -7.55670118 -24.00002665
 -24.00005257]"
"(7.1, 8.3)","[ -7.31834419  -7.49123613  -7.49963307  -7.50462344 -24.00000093
 -24.00002685]"
"(7.2, 8.3)","[ -7.24651288  -7.45838402  -7.44972869  -7.49450399 -24.00000083
 -24.00002675]"
"(7.3, 8.3)","[ -7.10934759  -7.39835992  -7.38372866  -7.42649374 -24.00000083
 -24.00002675]"
"(7.4, 8.3)","[ -7.31869382  -7.31719485  -6.94954905  -7.32408635 -24.00000083
 -24.00002675]"
"(7.5, 8.3)","[ -7.41164104  -7.02441884  -7.41274271  -7.41865081 -24.00000083
 -24.00002675]"
"(7.6, 8.3)","[ -7.54771485  -7.20779246  -7.52689979  -7.56375149 -24.00000083
 -24.00002675]"
"(7.7, 8.3)","[ -7.75147803  -7.43589928  -7.72110911  -7.70417413 -24.00000083
 -24.00002675]"
"(7.8, 8.3)","[ -7.84459713  -7.69660131  -7.83314597  -7.87376274 -24.00000083
 -24.00002675]"
"(7.9, 8.3)","[ -7.91024747  -7.91789311  -7.56446278  -7.93490872 -24.00000093
 -24.00002685]"
"(8.0, 8.3)","[ -8.05069622  -7.93841064  -8.0462829   -8.07861109 -24.00000088
 -24.0000268 ]"
"(8.1, 8.3)","[ -7.77302448  -8.13083349  -8.12666351  -8.12869398 -24.00000093
 -24.00002685]"
"(8.2, 8.3)","[ -7.73479036  -8.12895756  -8.12150101  -8.12020645 -24.00000093
 -24.00002685]"
"(8.3, 8.3)","[ -7.69510476  -8.11038817  -8.12115886  -8.09508956 -24.00000093
 -24.00002685]"
"(8.4, 8.3)","[ -8.03215601  -8.07572791  -8.05903539  -7.64234304 -24.00000093
 -24.00002685]"
"(8.5, 8.3)","[ -7.66301812  -7.96041344  -7.97953275  -7.94700313 -24.00000093
 -24.00002685]"
"(8.6, 8.3)","[ -7.85064139  -7.8736659   -7.89185379  -7.64417076 -24.00000093
 -24.00002685]"
"(8.7, 8.3)","[ -7.75423605  -7.78769132  -7.80825039  -7.46369108 -24.00000093
 -24.00002685]"
"(8.8, 8.3)","[ -7.70894097  -7.69918145  -7.74716505  -7.31722456 -24.00000093
 -24.00002685]"
"(8.9, 8.3)","[ -7.12946806  -7.60472387  -7.62794457  -7.58395229 -24.00000093
 -24.00002685]"
"(9.0, 8.3)","[ -7.02819239  -7.45442872  -7.50580316  -7.44565247 -24.00000093
 -24.00002685]"
"(9.1, 8.3)","[ -6.91460441  -7.28439534  -7.30639894  -7.2784676  -24.00000093
 -24.00002685]"
"(9.2, 8.3)","[ -6.7832447   -7.16233925  -7.14626139  -7.08401773 -24.00000083
 -24.00002675]"
"(9.3, 8.3)","[ -6.6494919   -7.02110494  -6.98384837  -6.93377842 -24.00000083
 -24.00002675]"
"(9.4, 8.3)","[ -6.7447159   -6.75106051  -6.76356836  -6.50079091 -24.00000083
 -24.00002675]"
"(9.5, 8.3)","[ -6.5256379   -6.63314917  -6.59493984  -6.26512895 -24.00000083
 -24.00002675]"
"(9.6, 8.3)","[ -5.86019759  -6.42178786  -6.40603809  -6.30113873 -24.00000083
 -24.00002675]"
"(9.7, 8.3)","[ -5.621339    -6.06695363  -6.04993299  -6.02373561 -24.00000083
 -24.00002675]"
"(9.8, 8.3)","[ -5.33823542  -5.83226043  -5.75914797  -5.72616092 -24.00000083
 -24.00002675]"
"(9.9, 8.3)","[ -5.47263178  -5.52579607  -5.5644847   -5.07660088 -24.00000093
 -24.00002685]"
"(10.0, 8.3)","[-24.18744353  -5.43331017  -5.56217466  -5.37600288 -24.00000093
 -24.00002685]"
"(7.0, 8.3)","[ -7.47429693 -24.00000026  -7.23160619  -7.49407515 -24.00002665
 -24.00005257]"
"(7.1, 8.4)","[ -7.06654781  -7.39207885  -7.4169258   -7.45556287 -24.00000093
 -24.00002685]"
"(7.2, 8.4)","[ -6.97373597  -7.33526542  -7.30438177  -7.3145351  -24.00000083
 -24.00002675]"
"(7.3, 8.4)","[ -6.85141652  -7.25796527  -7.20985637  -7.23478384 -24.00000083
 -24.00002675]"
"(7.4, 8.4)","[ -7.1573169   -7.12635326  -6.7669995   -7.21410642 -24.00000083
 -24.00002675]"
"(7.5, 8.4)","[ -7.32237489  -6.92041898  -7.25372216  -7.30392209 -24.00000083
 -24.00002675]"
"(7.6, 8.4)","[ -7.42702651  -7.10652064  -7.37813063  -7.44232362 -24.00000083
 -24.00002675]"
"(7.7, 8.4)","[ -7.58771483  -7.41219308  -7.6001679   -7.64841743 -24.00000083
 -24.00002675]"
"(7.8, 8.4)","[ -7.59051992  -7.72452014  -7.72725134  -7.72395331 -24.00000083
 -24.00002675]"
"(7.9, 8.4)","[ -7.81996935  -7.82369473  -7.52667432  -7.84939889 -24.00000093
 -24.00002685]"
"(8.0, 8.4)","[ -7.95224485  -7.94329183  -7.81698069  -7.94136943 -24.00000088
 -24.0000268 ]"
"(8.1, 8.4)","[ -8.09854875  -8.08714607  -8.03872905  -8.08793883 -24.00000093
 -43.97486333]"
"(8.2, 8.4)","[ -7.94164798  -8.13847082  -8.11561643  -8.11593403 -24.00000093
 -24.00002685]"
"(8.3, 8.4)","[ -7.92212648  -8.13386813  -8.10374208  -8.12418069 -24.00000093
 -24.00002685]"
"(8.4, 8.4)","[ -8.11769606  -8.14483311  -8.14163769  -7.90612468 -24.00000093
 -24.00002685]"
"(8.5, 8.4)","[ -7.49071196  -8.04396243  -8.06067763  -8.04179796 -24.00000093
 -24.00002685]"
"(8.6, 8.4)","[ -7.43523718  -7.99658294  -7.96543191  -7.97445536 -24.00000093
 -24.00002685]"
"(8.7, 8.4)","[ -7.37456498  -7.90044461  -7.94412562  -7.89546736 -24.00000093
 -24.00002685]"
"(8.8, 8.4)","[ -7.30764046  -7.82288013  -7.86130933  -7.79766993 -24.00000093
 -24.00002685]"
"(8.9, 8.4)","[ -7.23064249  -7.73940183  -7.7386797   -7.72674924 -24.00000093
 -24.00002685]"
"(9.0, 8.4)","[ -7.14097931  -7.61730897  -7.64164117  -7.58472455 -24.00000093
 -24.00002685]"
"(9.1, 8.4)","[ -7.04315572  -7.45593062  -7.38833588  -7.3951061  -24.00000093
 -24.00002685]"
"(9.2, 8.4)","[ -6.9519046   -7.25568085  -7.26689228  -7.2676541  -24.00000083
 -24.00002675]"
"(9.3, 8.4)","[ -6.83537182  -7.12738513  -7.14876557  -7.10471084 -24.00000083
 -24.00002675]"
"(9.4, 8.4)","[ -6.51155739  -6.9944497   -6.94216718  -6.96616681 -24.00000083
 -24.00002675]"
"(9.5, 8.4)","[ -6.33841831  -6.82979076  -6.77902414  -6.74312855 -43.62288844
 -24.00002675]"
"(9.6, 8.4)","[ -6.16503239  -6.57568202  -6.50589502  -6.49111251 -24.00000083
 -24.00002675]"
"(9.7, 8.4)","[ -5.96513194  -6.35086681  -6.27171672  -6.26223585 -24.00000083
 -24.00002675]"
"(9.8, 8.4)","[ -5.68260805  -6.10874118  -5.99316717  -5.98861179 -24.00000083
 -24.00002675]"
"(9.9, 8.4)","[ -5.75911786  -5.87456808  -5.84881522  -5.47758431 -24.00000093
 -24.00002685]"
"(10.0, 8.4)","[-24.18744353  -5.72111926  -5.81225493  -5.63865595 -43.44969772
 -24.00002685]"
"(7.0, 8.4)","[ -7.38816723 -24.00000026  -7.14137822  -7.40191514 -24.00002665
 -24.00005257]"
"(7.1, 8.5)","[ -6.9386349   -7.29655374  -7.29756378  -7.35805447 -24.00000093
 -24.00002685]"
"(7.2, 8.5)","[ -6.8271865   -7.1927628   -7.16024034  -7.23103032 -24.00000083
 -24.00002675]"
"(7.3, 8.5)","[ -6.68849742  -7.09350247  -7.0095599   -7.1028641  -24.00000083
 -24.00002675]"
"(7.4, 8.5)","[ -6.9605033   -6.96427683  -6.53178808  -7.01228689 -24.00000083
 -24.00002675]"
"(7.5, 8.5)","[ -7.15295082  -6.9050965   -7.06315356  -7.1326545  -24.00000083
 -24.00002675]"
"(7.6, 8.5)","[ -7.29568453  -7.24463531  -7.11596806  -7.25327807 -24.00000083
 -24.00002675]"
"(7.7, 8.5)","[ -7.47613403  -7.47606067  -7.41595732  -7.52734504 -24.00000083
 -24.00002675]"
"(7.8, 8.5)","[ -7.47817431  -7.60443198  -7.60342836  -7.63585368 -24.00000083
 -24.00002675]"
"(7.9, 8.5)","[ -7.74180348  -7.69288757  -7.45062631  -7.69978744 -24.00000093
 -24.00002685]"
"(8.0, 8.5)","[ -7.77283693  -7.59040571  -7.78230835  -7.80046532 -24.00000088
 -24.0000268 ]"
"(8.1, 8.5)","[ -7.97009305  -7.81984917  -7.92313175  -7.94306528 -24.00000093
 -24.00002685]"
"(8.2, 8.5)","[ -7.78267038  -7.99341936  -7.99218382  -7.99516698 -24.00000093
 -24.00002685]"
"(8.3, 8.5)","[ -7.75957767  -8.0716281   -8.09424811  -8.07441357 -24.00000093
 -24.00002685]"
"(8.4, 8.5)","[ -7.73917666  -8.11711834  -8.10575049  -8.11843283 -24.00000093
 -24.00002685]"
"(8.5, 8.5)","[ -7.71331019  -8.10707684  -8.09337584  -8.10272722 -24.00000093
 -24.00002685]"
"(8.6, 8.5)","[ -7.68145362  -8.05432689  -8.0534132   -8.02776196 -24.00000093
 -24.00002685]"
"(8.7, 8.5)","[ -7.66457866  -8.01275339  -7.97507477  -7.9893134  -24.00000093
 -24.00002685]"
"(8.8, 8.5)","[ -7.60389945  -7.9454474   -7.95360982  -7.90597493 -24.00000093
 -24.00002685]"
"(8.9, 8.5)","[ -7.45394417  -7.82880979  -7.80529505  -7.80610511 -24.00000093
 -24.00002685]"
"(9.0, 8.5)","[ -7.37263495  -7.72989794  -7.69608557  -7.66631379 -24.00000093
 -24.00002685]"
"(9.1, 8.5)","[ -7.29572624  -7.54900106  -7.60002265  -7.53991398 -24.00000093
 -24.00002685]"
"(9.2, 8.5)","[ -7.22646126  -7.39853833  -7.40504652  -7.38843709 -24.00000083
 -24.00002675]"
"(9.3, 8.5)","[ -7.27070515  -7.28122076  -7.32071859  -7.1480285  -24.00000083
 -24.00002675]"
"(9.4, 8.5)","[ -7.06858447  -7.0765032   -7.06857891  -6.88807531 -24.00000083
 -24.00002675]"
"(9.5, 8.5)","[ -6.71135096  -6.99062523  -6.94263778  -6.92974655 -24.00000083
 -24.00002675]"
"(9.6, 8.5)","[ -6.70288387  -6.75900353  -6.6987435   -6.57115018 -24.00000083
 -24.00002675]"
"(9.7, 8.5)","[ -6.49400059  -6.58389682  -6.53533301  -6.15869634 -24.00000083
 -24.00002675]"
"(9.8, 8.5)","[ -5.95176461  -6.36372771  -6.30571593  -6.25376506 -24.00000083
 -24.00002675]"
"(9.9, 8.5)","[ -6.04071099  -6.10412955  -6.05981117  -5.68995469 -43.48070011
 -24.00002685]"
"(10.0, 8.5)","[-24.18744353  -6.01960953  -5.97370994  -5.87512775 -24.00000093
 -24.00002685]"
"(7.0, 8.5)","[ -7.24117399 -24.00000026  -7.07686485  -7.25192217 -24.00002665
 -24.00005257]"
"(7.1, 8.6)","[ -6.80648606  -7.15833292  -7.16124577  -7.15157012 -24.00000093
 -24.00002685]"
"(7.2, 8.6)","[ -6.67336481  -7.03774868  -6.98480178  -7.03548516 -24.00000083
 -24.00002675]"
"(7.3, 8.6)","[ -6.52195841  -6.83397483  -6.828169    -6.91981721 -24.00000083
 -24.00002675]"
"(7.4, 8.6)","[ -6.78026006  -6.77273126  -6.34352839  -6.81616537 -24.00000083
 -24.00002675]"
"(7.5, 8.6)","[ -6.92533505  -6.55084846  -6.87149471  -6.87311659 -24.00000083
 -24.00002675]"
"(7.6, 8.6)","[ -7.07087247  -6.74415898  -7.05693033  -7.05156874 -24.00000083
 -24.00002675]"
"(7.7, 8.6)","[ -7.29039205  -7.11200212  -7.23920379  -7.27897173 -24.00000083
 -24.00002675]"
"(7.8, 8.6)","[ -7.33424951  -7.43887781  -7.43336252  -7.48619929 -24.00000083
 -24.00002675]"
"(7.9, 8.6)","[ -7.58808378  -7.5456495   -7.31379501  -7.55872305 -24.00000093
 -24.00002685]"
"(8.0, 8.6)","[ -7.68982711  -7.67628768  -7.53120505  -7.68223487 -24.00000088
 -24.0000268 ]"
"(8.1, 8.6)","[ -7.80631946  -7.78575123  -7.63707536  -7.80869565 -24.00000093
 -24.00002685]"
"(8.2, 8.6)","[ -7.93227836  -7.91317045  -7.84428259  -7.92196863 -24.00000093
 -24.00002685]"
"(8.3, 8.6)","[ -7.89926134  -8.00487873  -8.01214531  -8.03590939 -24.00000093
 -24.00002685]"
"(8.4, 8.6)","[ -7.89214431  -8.08783764  -8.08593203  -8.111969   -24.00000093
 -24.00002685]"
"(8.5, 8.6)","[ -7.88901111  -8.11598233  -8.12751951  -8.11256769 -24.00000093
 -24.00002685]"
"(8.6, 8.6)","[ -7.89384951  -8.05858828  -8.07489024  -8.04912309 -24.00000093
 -24.00002685]"
"(8.7, 8.6)","[ -7.90373131  -8.04146515  -8.0305887   -8.0375103  -24.00000093
 -24.00002685]"
"(8.8, 8.6)","[ -7.9916487   -8.01393491  -7.98424497  -7.89748597 -24.00000093
 -24.00002685]"
"(8.9, 8.6)","[ -7.68738764  -7.9488309   -7.97527499  -7.91552642 -24.00000093
 -24.00002685]"
"(9.0, 8.6)","[ -7.79361502  -7.8088896   -7.82180297  -7.65822408 -24.00000093
 -24.00002685]"
"(9.1, 8.6)","[ -7.24220329  -7.6950529   -7.7172866   -7.66800972 -24.00000093
 -24.00002685]"
"(9.2, 8.6)","[ -7.15969143  -7.55300348  -7.59883528  -7.54958321 -24.00000083
 -24.00002675]"
"(9.3, 8.6)","[ -7.06583423  -7.46553086  -7.44876154  -7.41488143 -24.00000083
 -24.00002675]"
"(9.4, 8.6)","[ -6.95652974  -7.32657222  -7.32322468  -7.25662793 -24.00000083
 -24.00002675]"
"(9.5, 8.6)","[ -6.83627165  -7.21457889  -7.21791738  -7.16054338 -24.00000083
 -24.00002675]"
"(9.6, 8.6)","[ -6.70395951  -6.95380629  -6.97020509  -6.91835329 -24.00000083
 -24.00002675]"
"(9.7, 8.6)","[ -6.72592435  -6.77127797  -6.74117571  -6.55078798 -24.00000083
 -24.00002675]"
"(9.8, 8.6)","[ -6.16437443  -6.53614352  -6.52515749  -6.53263216 -24.00000083
 -24.00002675]"
"(9.9, 8.6)","[ -6.28939345  -6.34491315  -6.2985622   -5.93198546 -24.00000093
 -24.00002685]"
"(10.0, 8.6)","[-24.18744353  -6.2295637   -6.2862217   -6.0878616  -24.00000093
 -24.00002685]"
"(7.0, 8.6)","[ -7.15180076 -24.00000026  -6.97095195  -7.12313023 -24.00002665
 -24.00005257]"
"(7.1, 8.7)","[ -6.65402707  -6.98470756  -6.95097162  -6.98701    -24.00000093
 -24.00002685]"
"(7.2, 8.7)","[ -6.50853071  -6.84739887  -6.79302591  -6.80042466 -24.00000083
 -24.00002675]"
"(7.3, 8.7)","[ -6.33633334  -6.62673051  -6.59851385  -6.70371912 -24.00000083
 -24.00002675]"
"(7.4, 8.7)","[ -6.49591617  -6.48901165  -6.14312464  -6.55001133 -24.00000083
 -24.00002675]"
"(7.5, 8.7)","[ -6.68502513  -6.43524408  -6.64550828  -6.75250147 -24.00000083
 -24.00002675]"
"(7.6, 8.7)","[ -6.90214001  -6.71338373  -6.8994261   -6.99983942 -24.00000083
 -24.00002675]"
"(7.7, 8.7)","[ -7.12872565  -6.95769494  -7.11762941  -7.18946442 -24.00000083
 -24.00002675]"
"(7.8, 8.7)","[ -7.22759642  -7.28996889  -7.2918729   -7.33263786 -24.00000083
 -24.00002675]"
"(7.9, 8.7)","[ -7.44589504  -7.39450878  -7.17810189  -7.4313706  -24.00000093
 -24.00002685]"
"(8.0, 8.7)","[ -7.55881451  -7.29257731  -7.52712826  -7.56354493 -24.00000088
 -24.0000268 ]"
"(8.1, 8.7)","[ -7.69117527  -7.40212246  -7.6334283   -7.6458474  -24.00000093
 -24.00002685]"
"(8.2, 8.7)","[ -7.77478479  -7.5375144   -7.76260056  -7.76959702 -24.00000093
 -24.00002685]"
"(8.3, 8.7)","[ -7.90744103  -7.85456288  -7.90709749  -7.94974929 -24.00000093
 -24.00002685]"
"(8.4, 8.7)","[ -7.71775057  -7.99604347  -7.98628175  -8.03429268 -24.00000093
 -24.00002685]"
"(8.5, 8.7)","[ -7.67219219  -8.08418667  -8.08839613  -8.08458812 -24.00000093
 -24.00002685]"
"(8.6, 8.7)","[ -7.58895494  -8.09080918  -8.10815133  -8.08129671 -24.00000093
 -24.00002685]"
"(8.7, 8.7)","[ -7.50291588  -8.06446064  -8.07084971  -8.05026674 -24.00000093
 -24.00002685]"
"(8.8, 8.7)","[ -7.44862069  -8.04739876  -8.06211048  -8.04871589 -24.00000093
 -24.00002685]"
"(8.9, 8.7)","[ -7.38920189  -8.03314504  -8.00447277  -8.01052258 -24.00000093
 -24.00002685]"
"(9.0, 8.7)","[ -7.32316774  -7.92057417  -7.92316828  -7.91383779 -24.00000093
 -24.00002685]"
"(9.1, 8.7)","[ -7.24784596  -7.78730769  -7.80557505  -7.7852868  -24.00000093
 -24.00002685]"
"(9.2, 8.7)","[ -7.16252507  -7.66676982  -7.72623462  -7.67153338 -24.00000083
 -24.00002675]"
"(9.3, 8.7)","[ -7.066918    -7.56949344  -7.6003961   -7.5385033  -24.00000083
 -24.00002675]"
"(9.4, 8.7)","[ -6.95981851  -7.46657365  -7.4736803   -7.40772228 -24.00000083
 -24.00002675]"
"(9.5, 8.7)","[ -6.83829413  -7.3116921   -7.32840987  -7.30665018 -24.00000083
 -24.00002675]"
"(9.6, 8.7)","[ -6.70185756  -7.16388458  -7.19854831  -7.10455573 -24.00000083
 -24.00002675]"
"(9.7, 8.7)","[ -6.55264977  -6.91217557  -7.04391739  -6.91117202 -24.00000083
 -24.00002675]"
"(9.8, 8.7)","[ -6.38156449  -6.74040781  -6.75892757  -6.71353434 -24.00000083
 -24.00002675]"
"(9.9, 8.7)","[ -6.55062533  -6.58055672  -6.57182082  -6.22299524 -24.00000093
 -24.00002685]"
"(10.0, 8.7)","[-24.18744353  -6.5040896   -6.49954763  -6.27931963 -24.00000093
 -43.5963956 ]"
"(7.0, 8.7)","[ -6.98933283 -24.00000026  -6.81104629  -6.99026085 -24.00002665
 -24.00005257]"
"(7.1, 8.8)","[ -6.48204369  -6.81249566  -6.79166363  -6.85506142 -24.00000093
 -24.00002685]"
"(7.2, 8.8)","[ -6.31885128  -6.62756758  -6.62667688  -6.64914661 -24.00000083
 -24.00002675]"
"(7.3, 8.8)","[ -6.12517193  -6.51559904  -6.39283702  -6.46255149 -24.00000083
 -24.00002675]"
"(7.4, 8.8)","[ -6.31315035  -6.3384987   -5.91631915  -6.28946865 -24.00000083
 -24.00002675]"
"(7.5, 8.8)","[ -6.47738034  -6.15407393  -6.45595869  -6.43936252 -24.00000083
 -24.00002675]"
"(7.6, 8.8)","[ -6.71778008  -6.42388318  -6.66253428  -6.69696748 -24.00000083
 -24.00002675]"
"(7.7, 8.8)","[ -6.92714727  -6.81293183  -6.90530379  -6.93357368 -24.00000083
 -24.00002675]"
"(7.8, 8.8)","[ -7.03214447  -7.11206216  -7.11128346  -7.13383891 -24.00000083
 -24.00002675]"
"(7.9, 8.8)","[ -7.32777548  -7.25515174  -6.94522286  -7.30043996 -24.00000093
 -24.00002685]"
"(8.0, 8.8)","[ -7.38573584  -7.06994975  -7.38757426  -7.39575157 -24.00000088
 -24.0000268 ]"
"(8.1, 8.8)","[ -7.62465401  -7.38619539  -7.61803052  -7.62510194 -24.00000093
 -24.00002685]"
"(8.2, 8.8)","[ -7.73222408  -7.73706472  -7.68651387  -7.74817726 -24.00000093
 -24.00002685]"
"(8.3, 8.8)","[ -7.8479787   -7.88297109  -7.88206649  -7.90773789 -24.00000093
 -24.00002685]"
"(8.4, 8.8)","[ -7.94911992  -7.88642372  -7.86419268  -7.8935802  -24.00000093
 -24.00002685]"
"(8.5, 8.8)","[ -7.90456079  -8.0374529   -8.03778766  -8.04051275 -24.00000093
 -24.00002685]"
"(8.6, 8.8)","[ -8.07490079  -8.04937139  -8.03257689  -7.89049768 -24.00000093
 -24.00002685]"
"(8.7, 8.8)","[ -7.71152608  -8.0820868   -8.08510486  -8.09961535 -24.00000093
 -24.00002685]"
"(8.8, 8.8)","[ -7.67352856  -8.07605422  -8.0664566   -8.06076845 -24.00000093
 -24.00002685]"
"(8.9, 8.8)","[ -7.627997    -7.99078476  -8.03292743  -8.02260398 -24.00000093
 -24.00002685]"
"(9.0, 8.8)","[ -7.61662938  -7.96208929  -7.9447281   -7.92373744 -24.00000093
 -24.00002685]"
"(9.1, 8.8)","[ -7.57907072  -7.90090599  -7.88345298  -7.8833034  -24.00000093
 -24.00002685]"
"(9.2, 8.8)","[ -7.38163686  -7.81761479  -7.79340067  -7.78414652 -24.00000083
 -24.00002675]"
"(9.3, 8.8)","[ -7.27286441  -7.69904392  -7.72655125  -7.66420435 -24.00000083
 -24.00002675]"
"(9.4, 8.8)","[ -7.18285445  -7.56522214  -7.54630241  -7.52131051 -24.00000083
 -24.00002675]"
"(9.5, 8.8)","[ -7.09194297  -7.43925177  -7.4619868   -7.45438428 -24.00000083
 -24.00002675]"
"(9.6, 8.8)","[ -6.99086313  -7.35430839  -7.32099394  -7.2703718  -24.00000083
 -24.00002675]"
"(9.7, 8.8)","[ -6.87533869  -7.20758424  -7.19916896  -7.13284812 -24.00000083
 -24.00002675]"
"(9.8, 8.8)","[ -6.74310727  -6.96654561  -6.95375114  -6.9235735  -24.00000083
 -24.00002675]"
"(9.9, 8.8)","[ -6.74549522  -6.83078633  -6.78910343  -6.59081023 -24.00000093
 -24.00002685]"
"(10.0, 8.8)","[-24.18744353  -6.64057305  -6.6964393   -6.45171793 -24.00000093
 -24.00002685]"
"(7.0, 8.8)","[ -6.85361235 -24.00000026  -6.65486751  -6.85734228 -24.00002665
 -24.00005257]"
"(7.1, 8.9)","[ -6.3052031   -6.64522729  -6.61676157  -6.60965791 -24.00000093
 -24.00002685]"
"(7.2, 8.9)","[ -6.11045861  -6.46697569  -6.42151249  -6.46832033 -24.00000083
 -24.00002675]"
"(7.3, 8.9)","[ -5.91461489  -6.16651273  -6.13243062  -6.20658385 -24.00000083
 -24.00002675]"
"(7.4, 8.9)","[ -6.02572369  -6.10260771  -5.67290341  -6.07528558 -24.00000083
 -24.00002675]"
"(7.5, 8.9)","[ -6.29702326  -5.94488548  -6.20215018  -6.25976845 -24.00000083
 -24.00002675]"
"(7.6, 8.9)","[ -6.46919289  -6.15624851  -6.45278254  -6.5407648  -24.00000083
 -24.00002675]"
"(7.7, 8.9)","[ -6.71257554  -6.40448761  -6.71180276  -6.72529489 -24.00000083
 -24.00002675]"
"(7.8, 8.9)","[ -7.01208853  -6.83752221  -6.92307231  -6.94273416 -24.00000083
 -24.00002675]"
"(7.9, 8.9)","[ -7.098699    -7.107608    -6.76343526  -7.14943736 -24.00000093
 -24.00002685]"
"(8.0, 8.9)","[ -7.24718937  -6.98159824  -7.24246712  -7.29666816 -24.00000088
 -24.0000268 ]"
"(8.1, 8.9)","[ -7.47027048  -7.31697699  -7.41369082  -7.4157769  -24.00000093
 -24.00002685]"
"(8.2, 8.9)","[ -7.61136794  -7.57463298  -7.44423195  -7.58650912 -24.00000093
 -24.00002685]"
"(8.3, 8.9)","[ -7.73703228  -7.69246747  -7.73667648  -7.7575136  -24.00000093
 -24.00002685]"
"(8.4, 8.9)","[ -7.80950345  -7.77328815  -7.61891255  -7.7941231  -24.00000093
 -24.00002685]"
"(8.5, 8.9)","[ -7.91704946  -7.85487685  -7.86794784  -7.88289635 -24.00000093
 -24.00002685]"
"(8.6, 8.9)","[ -7.88264945  -8.01554464  -8.02169752  -8.0258391  -24.00000093
 -24.00002685]"
"(8.7, 8.9)","[ -7.86842202  -8.04977752  -8.036935    -8.03899992 -24.00000093
 -24.00002685]"
"(8.8, 8.9)","[ -7.85664642  -8.09246312  -8.0966027   -8.09622255 -24.00000093
 -24.00002685]"
"(8.9, 8.9)","[ -7.85642845  -8.09448644  -8.07002521  -8.0753599  -24.00000093
 -24.00002685]"
"(9.0, 8.9)","[ -7.84841956  -8.06216383  -8.02053044  -8.03325904 -24.00000093
 -24.00002685]"
"(9.1, 8.9)","[ -7.94283392  -7.99098355  -7.96117563  -7.81242096 -24.00000093
 -24.00002685]"
"(9.2, 8.9)","[ -7.87331099  -7.90789819  -7.89388982  -7.65329761 -24.00000083
 -24.00002675]"
"(9.3, 8.9)","[ -7.78512819  -7.82600685  -7.84284329  -7.58563272 -24.00000083
 -24.00002675]"
"(9.4, 8.9)","[ -7.67310984  -7.66944849  -7.66909026  -7.48862099 -24.00000083
 -24.00002675]"
"(9.5, 8.9)","[ -7.37053787  -7.57084592  -7.5904104   -7.56877817 -24.00000083
 -24.00002675]"
"(9.6, 8.9)","[ -7.2945675   -7.50556393  -7.45989529  -7.447552   -24.00000083
 -24.00002675]"
"(9.7, 8.9)","[ -7.32893381  -7.34623787  -7.32969365  -7.19282811 -24.00000083
 -24.00002675]"
"(9.8, 8.9)","[ -6.87415656  -7.14851706  -7.15355357  -7.12793326 -24.00000083
 -24.00002675]"
"(9.9, 8.9)","[ -6.74734167  -7.01426526  -7.04843049  -6.95868427 -43.73008212
 -24.00002685]"
"(10.0, 8.9)","[-43.80426321  -6.77954877  -6.85782524  -6.60678645 -24.00000093
 -24.00002685]"
"(7.0, 8.9)","[ -6.68967051 -24.00000026  -6.48474373  -6.67911439 -24.00002665
 -24.00005257]"
"(7.1, 9.0)","[ -6.11662513  -6.44511886  -6.40499297  -6.4987917  -24.00000093
 -24.00002685]"
"(7.2, 9.0)","[ -5.91028311  -6.19287807  -6.13636432  -6.25924786 -24.00000083
 -24.00002675]"
"(7.3, 9.0)","[ -5.66728998  -5.9482103   -5.86406661  -5.90437669 -24.00000083
 -24.00002675]"
"(7.4, 9.0)","[ -5.68783106  -5.72668699  -5.45000606  -5.82397291 -24.00000083
 -43.40268263]"
"(7.5, 9.0)","[ -5.96796372  -5.66047652  -5.95836466  -5.98149411 -24.00000083
 -24.00002675]"
"(7.6, 9.0)","[ -6.31915206  -5.92046529  -6.23473375  -6.22743057 -24.00000083
 -24.00002675]"
"(7.7, 9.0)","[ -6.59693701  -6.10691672  -6.50981344  -6.50401976 -24.00000083
 -24.00002675]"
"(7.8, 9.0)","[ -6.700217    -6.29222717  -6.72111213  -6.77428505 -24.00000083
 -24.00002675]"
"(7.9, 9.0)","[ -6.98972396  -6.60295999  -6.94764845  -6.97482966 -24.00000093
 -24.00002685]"
"(8.0, 9.0)","[ -7.11973604  -6.76248484  -7.07896053  -7.10768055 -24.00000088
 -24.0000268 ]"
"(8.1, 9.0)","[ -7.31555156  -6.90716009  -7.28952878  -7.42114874 -24.00000093
 -24.00002685]"
"(8.2, 9.0)","[ -7.47159053  -7.22356646  -7.45585453  -7.49300391 -24.00000093
 -24.00002685]"
"(8.3, 9.0)","[ -7.58580888  -7.50374558  -7.57640656  -7.61130101 -24.00000093
 -24.00002685]"
"(8.4, 9.0)","[ -7.6966501   -7.67154923  -7.46001615  -7.69017402 -24.00000093
 -24.00002685]"
"(8.5, 9.0)","[ -7.79341096  -7.69890917  -7.78249578  -7.79120085 -24.00000093
 -24.00002685]"
"(8.6, 9.0)","[ -7.88078679  -7.86359317  -7.79840574  -7.91885362 -24.00000093
 -24.00002685]"
"(8.7, 9.0)","[ -7.69078106  -7.93152232  -7.93847093  -7.949373   -24.00000093
 -24.00002685]"
"(8.8, 9.0)","[ -7.6559275   -8.0375396   -8.03176383  -8.03157804 -24.00000093
 -24.00002685]"
"(8.9, 9.0)","[ -7.61831989  -8.07327816  -8.08213659  -8.077032   -24.00000093
 -24.00002685]"
"(9.0, 9.0)","[ -7.5760756   -8.0472398   -8.06039441  -8.04274182 -24.00000093
 -24.00002685]"
"(9.1, 9.0)","[ -7.52868537  -8.01763485  -8.04167463  -8.035938   -24.00000093
 -24.00002685]"
"(9.2, 9.0)","[ -7.47661566  -8.00606921  -7.99349218  -7.97831581 -24.00000083
 -24.00002675]"
"(9.3, 9.0)","[ -7.42003926  -7.93942193  -7.91525059  -7.90621063 -24.00000083
 -24.00002675]"
"(9.4, 9.0)","[ -7.35779719  -7.8298079   -7.75895376  -7.77966943 -24.00000083
 -24.00002675]"
"(9.5, 9.0)","[ -7.28696554  -7.71002018  -7.67600776  -7.67211299 -24.00000083
 -24.00002675]"
"(9.6, 9.0)","[ -7.20696484  -7.59068     -7.59162258  -7.57387991 -24.00000083
 -24.00002675]"
"(9.7, 9.0)","[ -7.12075162  -7.46861181  -7.48837222  -7.44853175 -24.00000083
 -24.00002675]"
"(9.8, 9.0)","[ -7.02351826  -7.32378528  -7.31778191  -7.26832214 -24.00000083
 -24.00002675]"
"(9.9, 9.0)","[ -6.9084864   -7.16732056  -7.17641533  -7.15570975 -24.00000093
 -24.00002685]"
"(10.0, 9.0)","[-24.18744353  -7.09790176  -7.07123421  -6.75069172 -24.00000093
 -24.00002685]"
"(7.0, 9.0)","[ -6.51798181 -24.00000026  -6.29457606  -6.57897064 -24.00002665
 -24.00005257]"
"(7.1, 9.1)","[ -5.83225125  -6.22905041  -6.14506302  -6.18310219 -24.00000093
 -24.00002685]"
"(7.2, 9.1)","[ -5.59234663  -5.95269167  -5.87728882  -5.89910915 -24.00000083
 -24.00002675]"
"(7.3, 9.1)","[ -5.32389021  -5.60867064  -5.60838243  -5.75875875 -24.00000083
 -24.00002675]"
"(7.4, 9.1)","[ -5.45727629  -5.46275885  -5.02656544  -5.41258736 -24.00000083
 -43.31625696]"
"(7.5, 9.1)","[ -5.69970694  -5.36095305  -5.64344631  -5.79494238 -24.00000083
 -24.00002675]"
"(7.6, 9.1)","[ -6.05235265  -5.74614643  -5.98405734  -6.05910251 -24.00000083
 -24.00002675]"
"(7.7, 9.1)","[ -6.3971231   -6.19657526  -6.26475617  -6.27905263 -24.00000083
 -24.00002675]"
"(7.8, 9.1)","[ -6.64949182  -6.57197281  -6.51444077  -6.5948206  -24.00000083
 -24.00002675]"
"(7.9, 9.1)","[ -6.90952004  -6.81591702  -6.75136392  -6.83825672 -24.00000093
 -24.00002685]"
"(8.0, 9.1)","[ -7.13775151  -7.04529544  -6.9766561   -7.03753114 -24.00000088
 -24.0000268 ]"
"(8.1, 9.1)","[ -7.27982043  -7.24141863  -7.21990552  -7.23991386 -24.00000093
 -24.00002685]"
"(8.2, 9.1)","[ -7.4202234   -7.44784163  -7.45289778  -7.44681809 -24.00000093
 -24.00002685]"
"(8.3, 9.1)","[ -7.32171422  -7.49396465  -7.49967923  -7.50388892 -24.00000093
 -24.00002685]"
"(8.4, 9.1)","[ -7.526432    -7.53969539  -7.30158241  -7.57700332 -24.00000093
 -24.00002685]"
"(8.5, 9.1)","[ -7.65699802  -7.5566775   -7.61679606  -7.63791697 -24.00000093
 -24.00002685]"
"(8.6, 9.1)","[ -7.78462613  -7.73084241  -7.48917629  -7.78258292 -24.00000093
 -24.00002685]"
"(8.7, 9.1)","[ -7.83630289  -7.85413142  -7.86423897  -7.87357173 -24.00000093
 -24.00002685]"
"(8.8, 9.1)","[ -7.82965058  -7.964945    -7.97541823  -8.00361824 -24.00000093
 -24.00002685]"
"(8.9, 9.1)","[ -7.8250949   -8.0422279   -8.0446645   -8.03105834 -24.00000093
 -24.00002685]"
"(9.0, 9.1)","[ -7.79859879  -8.06661949  -8.05944246  -8.0497572  -24.00000093
 -24.00002685]"
"(9.1, 9.1)","[ -7.73016886  -8.07408614  -8.08805534  -8.05717598 -24.00000093
 -24.00002685]"
"(9.2, 9.1)","[ -7.66224816  -8.04217216  -8.00896551  -8.03413972 -24.00000083
 -24.00002675]"
"(9.3, 9.1)","[ -7.62319766  -7.99560476  -7.97117683  -7.96820868 -24.00000083
 -24.00002675]"
"(9.4, 9.1)","[ -7.54621598  -7.92839247  -7.8992248   -7.87875518 -24.00000083
 -24.00002675]"
"(9.5, 9.1)","[ -7.43344148  -7.75767179  -7.75458374  -7.75008217 -24.00000083
 -24.00002675]"
"(9.6, 9.1)","[ -7.33102748  -7.65160017  -7.67318003  -7.66830021 -24.00000083
 -24.00002675]"
"(9.7, 9.1)","[ -7.23249004  -7.61013791  -7.55076434  -7.55361435 -24.00000083
 -24.00002675]"
"(9.8, 9.1)","[ -7.15340427  -7.46194354  -7.47198911  -7.4193066  -24.00000083
 -24.00002675]"
"(9.9, 9.1)","[ -7.06841114  -7.33267027  -7.3676549   -7.30298045 -24.00000093
 -24.00002685]"
"(10.0, 9.1)","[-24.18744353  -7.19423819  -7.26318322  -6.95000018 -24.00000093
 -24.00002685]"
"(7.0, 9.1)","[ -6.29544312 -24.00000026  -6.08559301  -6.37389229 -24.00002665
 -24.00005257]"
"(7.1, 9.2)","[ -5.59033659  -5.87850193  -5.86264229  -6.01033767 -24.00000093
 -24.00002685]"
"(7.2, 9.2)","[ -5.32380178  -5.56761452  -5.55621955  -5.67480963 -24.00000083
 -24.00002675]"
"(7.3, 9.2)","[ -5.02737383  -5.36514615  -5.27034588  -5.36184775 -24.00000083
 -24.00002675]"
"(7.4, 9.2)","[ -5.03419246  -5.01287347  -4.73671815  -5.04079627 -24.00000083
 -24.00002675]"
"(7.5, 9.2)","[ -5.32543439  -5.08040284  -5.31313719  -5.44261036 -24.00000083
 -24.00002675]"
"(7.6, 9.2)","[ -5.71899392  -5.37566479  -5.68352321  -5.67818411 -24.00000083
 -24.00002675]"
"(7.7, 9.2)","[ -6.03249744  -5.88462548  -6.00243304  -6.09794555 -24.00000083
 -24.00002675]"
"(7.8, 9.2)","[ -6.36459493  -6.25547435  -6.18080445  -6.28495859 -24.00000083
 -24.00002675]"
"(7.9, 9.2)","[ -6.63594862  -6.40367489  -6.56366761  -6.57563229 -24.00000093
 -24.00002685]"
"(8.0, 9.2)","[ -6.82364202  -6.65058273  -6.82219745  -6.85882149 -24.00000088
 -24.0000268 ]"
"(8.1, 9.2)","[ -7.10131325  -6.9117461   -7.00029418  -7.05918034 -24.00000093
 -24.00002685]"
"(8.2, 9.2)","[ -7.25610367  -7.21433142  -7.24951147  -7.30084128 -24.00000093
 -24.00002685]"
"(8.3, 9.2)","[ -7.24290127  -7.33227964  -7.33611046  -7.41994228 -24.00000093
 -24.00002685]"
"(8.4, 9.2)","[ -7.37702598  -7.38692468  -7.09573443  -7.4319357  -24.00000093
 -24.00002685]"
"(8.5, 9.2)","[ -7.50809054  -7.38311676  -7.49348969  -7.54045587 -24.00000093
 -24.00002685]"
"(8.6, 9.2)","[ -7.6043494   -7.61145005  -7.30448098  -7.64299242 -24.00000093
 -24.00002685]"
"(8.7, 9.2)","[ -7.74488263  -7.72455563  -7.64652043  -7.76451368 -24.00000093
 -24.00002685]"
"(8.8, 9.2)","[ -7.86998582  -7.87662628  -7.74610471  -7.88180879 -24.00000093
 -24.00002685]"
"(8.9, 9.2)","[ -7.96417181  -7.97697704  -7.90071402  -7.96350932 -24.00000093
 -24.00002685]"
"(9.0, 9.2)","[ -7.98309095  -8.04813929  -8.0379715   -8.04330742 -24.00000093
 -24.00002685]"
"(9.1, 9.2)","[ -8.11508765  -8.1122      -8.12330411  -8.01549384 -24.00000093
 -24.00002685]"
"(9.2, 9.2)","[ -8.09621538  -8.12115901  -8.12531429  -7.8873763  -24.00000083
 -24.00002675]"
"(9.3, 9.2)","[ -7.8100219   -8.08279498  -8.04120235  -8.05129309 -24.00000083
 -24.00002675]"
"(9.4, 9.2)","[ -7.98151585  -7.99685632  -8.0034461   -7.8077493  -24.00000083
 -24.00002675]"
"(9.5, 9.2)","[ -7.57606067  -7.87277346  -7.89336223  -7.86532597 -24.00000083
 -24.00002675]"
"(9.6, 9.2)","[ -7.78022792  -7.79482731  -7.78609556  -7.50959408 -24.00000083
 -24.00002675]"
"(9.7, 9.2)","[ -7.6901217   -7.70704956  -7.71167689  -7.5295431  -24.00000083
 -24.00002675]"
"(9.8, 9.2)","[ -7.53888085  -7.61374788  -7.55830702  -7.45795997 -24.00000083
 -24.00002675]"
"(9.9, 9.2)","[ -7.17991949  -7.47036611  -7.47326804  -7.44856727 -24.00000093
 -24.00002685]"
"(10.0, 9.2)","[-24.18744353  -7.39420936  -7.37801825  -7.0884235  -24.00000093
 -24.00002685]"
"(7.0, 9.2)","[ -6.12132522 -24.00000026  -5.86222063  -6.19261876 -24.00002665
 -24.00005257]"
"(7.1, 9.3)","[ -5.31198663  -5.6869421   -5.59555696  -5.62159095 -24.00000093
 -24.00002685]"
"(7.2, 9.3)","[ -5.01089561  -5.30703136  -5.27232078  -5.33586671 -24.00000083
 -24.00002675]"
"(7.3, 9.3)","[ -4.67497666  -5.04547828  -4.88309586  -5.0694441  -24.00000083
 -24.00002675]"
"(7.4, 9.3)","[ -4.7237032   -4.65936622  -4.2913616   -4.75568621 -24.00000083
 -43.15470631]"
"(7.5, 9.3)","[ -4.95658858  -4.6904292   -4.96112677  -5.08579036 -24.00000083
 -24.00002675]"
"(7.6, 9.3)","[ -5.4822362   -5.14252986  -5.38247961  -5.52716378 -24.00000083
 -24.00002675]"
"(7.7, 9.3)","[ -5.75187207  -5.67853172  -5.72497434  -5.73671837 -24.00000083
 -24.00002675]"
"(7.8, 9.3)","[ -6.01519894  -5.97365777  -5.75015989  -6.00690266 -24.00000083
 -24.00002675]"
"(7.9, 9.3)","[ -6.33656477  -6.02688101  -6.25277016  -6.26043117 -24.00000093
 -24.00002685]"
"(8.0, 9.3)","[ -6.70262725  -6.2430368   -6.57147883  -6.59741758 -24.00000088
 -24.0000268 ]"
"(8.1, 9.3)","[ -6.91835937  -6.65951544  -6.88157165  -6.92508075 -24.00000093
 -24.00002685]"
"(8.2, 9.3)","[ -7.03511667  -7.04584651  -6.90997738  -7.10890364 -24.00000093
 -24.00002685]"
"(8.3, 9.3)","[ -7.03523133  -7.17610462  -7.16712308  -7.22427789 -24.00000093
 -24.00002685]"
"(8.4, 9.3)","[ -7.28764716  -7.236054    -6.92104752  -7.2869118  -24.00000093
 -24.00002685]"
"(8.5, 9.3)","[ -7.40243215  -7.05492593  -7.37597085  -7.3951034  -24.00000093
 -24.00002685]"
"(8.6, 9.3)","[ -7.48822155  -7.20601829  -7.48245272  -7.53976213 -24.00000093
 -24.00002685]"
"(8.7, 9.3)","[ -7.56510633  -7.30523877  -7.57178799  -7.61634384 -24.00000093
 -24.00002685]"
"(8.8, 9.3)","[ -7.71833903  -7.48400912  -7.71347805  -7.72738836 -24.00000093
 -24.00002685]"
"(8.9, 9.3)","[ -7.85881754  -7.62177182  -7.80764548  -7.83334739 -24.00000093
 -24.00002685]"
"(9.0, 9.3)","[ -7.9539809   -7.77888761  -7.92409443  -7.96962628 -24.00000093
 -24.00002685]"
"(9.1, 9.3)","[ -8.07744181  -8.0615212   -8.07663476  -8.09057702 -24.00000093
 -24.00002685]"
"(9.2, 9.3)","[ -8.1192654   -8.13396409  -7.99135264  -8.14220958 -24.00000083
 -24.00002675]"
"(9.3, 9.3)","[ -7.84049833  -8.07885003  -8.09814427  -8.08801235 -24.00000083
 -24.00002675]"
"(9.4, 9.3)","[ -7.82956859  -8.06338759  -8.07029854  -8.04257192 -24.00000083
 -24.00002675]"
"(9.5, 9.3)","[ -7.8230542   -7.99241628  -7.99534683  -7.98153537 -24.00000083
 -24.00002675]"
"(9.6, 9.3)","[ -7.90246398  -7.90135112  -7.93104519  -7.80964345 -24.00000083
 -24.00002675]"
"(9.7, 9.3)","[ -7.78449618  -7.80353194  -7.78259382  -7.74019598 -24.00000083
 -24.00002675]"
"(9.8, 9.3)","[ -7.33501064  -7.68763732  -7.68074134  -7.65691602 -24.00000083
 -24.00002675]"
"(9.9, 9.3)","[ -7.25056834  -7.60720441  -7.58493162  -7.57086537 -24.00000093
 -24.00002685]"
"(10.0, 9.3)","[-24.18744353  -7.49027061  -7.52816767  -7.18311236 -24.00000093
 -24.00002685]"
"(7.0, 9.3)","[ -5.85539579 -24.00000026  -5.62394787  -5.95875947 -24.00002665
 -24.00005257]"
"(7.1, 9.4)","[ -5.00273212  -5.36087771  -5.28998456  -5.3363471  -24.00000093
 -24.00002685]"
"(7.2, 9.4)","[ -4.66566536  -5.00016692  -4.94315016  -5.05748854 -24.00000083
 -24.00002675]"
"(7.3, 9.4)","[ -4.28949076  -4.69834738  -4.50491114  -4.56142154 -24.00000083
 -24.00002675]"
"(7.4, 9.4)","[ -4.13086727  -4.29606545  -3.86235074  -4.27280321 -24.00000083
 -24.00002675]"
"(7.5, 9.4)","[ -4.63009174  -4.38308919  -4.54342356  -4.55597242 -24.00000083
 -24.00002675]"
"(7.6, 9.4)","[ -5.13395707  -4.81251827  -5.00366157  -5.07847191 -24.00000083
 -24.00002675]"
"(7.7, 9.4)","[ -5.46209913  -5.36219705  -5.4183615   -5.55708178 -24.00000083
 -24.00002675]"
"(7.8, 9.4)","[ -5.76268027  -5.67363561  -5.43640631  -5.68506494 -24.00000083
 -24.00002675]"
"(7.9, 9.4)","[ -6.06491133  -5.85562535  -5.98661684  -6.05312743 -24.00000093
 -24.00002685]"
"(8.0, 9.4)","[ -6.39472389  -5.97337228  -6.29250934  -6.36148984 -24.00000088
 -24.0000268 ]"
"(8.1, 9.4)","[ -6.63807791  -6.40039032  -6.6382799   -6.68764498 -24.00000093
 -24.00002685]"
"(8.2, 9.4)","[ -6.8608299   -6.77891041  -6.57459971  -6.81001393 -24.00000093
 -24.00002685]"
"(8.3, 9.4)","[ -6.9739758   -6.92573128  -6.97862433  -6.97940682 -24.00000093
 -24.00002685]"
"(8.4, 9.4)","[ -7.10611715  -7.06219678  -6.67304934  -7.07488178 -24.00000093
 -24.00002685]"
"(8.5, 9.4)","[ -7.31377406  -6.82655542  -7.24912289  -7.25681634 -24.00000093
 -24.00002685]"
"(8.6, 9.4)","[ -7.42877534  -7.04727685  -7.37426457  -7.38575775 -24.00000093
 -24.00002685]"
"(8.7, 9.4)","[ -7.53137958  -7.18542454  -7.5491675   -7.54592785 -24.00000093
 -24.00002685]"
"(8.8, 9.4)","[ -7.66656713  -7.31160891  -7.65255883  -7.68770015 -24.00000093
 -24.00002685]"
"(8.9, 9.4)","[ -7.76109174  -7.48318294  -7.75606489  -7.77499647 -24.00000093
 -24.00002685]"
"(9.0, 9.4)","[ -7.91218955  -7.75653695  -7.90387486  -7.90131301 -24.00000093
 -24.00002685]"
"(9.1, 9.4)","[ -7.81037723  -8.08008399  -8.07525404  -8.10562045 -24.00000093
 -24.00002685]"
"(9.2, 9.4)","[ -7.78399089  -8.11778974  -8.10046123  -8.12656862 -24.00000083
 -24.00002675]"
"(9.3, 9.4)","[ -7.6761121   -8.09382981  -8.09214762  -8.09631313 -24.00000083
 -24.00002675]"
"(9.4, 9.4)","[ -7.64399862  -8.05687742  -8.09304193  -8.08727294 -24.00000083
 -24.00002675]"
"(9.5, 9.4)","[ -7.60015074  -8.01858656  -8.02779455  -8.02141008 -24.00000083
 -24.00002675]"
"(9.6, 9.4)","[ -7.54632779  -7.99219892  -7.9765242   -7.9980591  -24.00000083
 -24.00002675]"
"(9.7, 9.4)","[ -7.48821164  -7.88694936  -7.86964843  -7.88095666 -24.00000083
 -24.00002675]"
"(9.8, 9.4)","[ -7.43186043  -7.82415355  -7.82007196  -7.79844758 -24.00000083
 -24.00002675]"
"(9.9, 9.4)","[ -7.38829902  -7.73152298  -7.70516167  -7.65893608 -24.00000093
 -24.00002685]"
"(10.0, 9.4)","[-43.98796027  -7.61679674  -7.65105041  -7.38237654 -24.00000093
 -24.00002685]"
"(7.0, 9.4)","[ -5.60066674 -24.00000026  -5.35915825  -5.79469898 -24.00002665
 -24.00005257]"
"(7.1, 9.5)","[ -4.65690736  -5.00165587  -4.94462836  -5.01700277  -4.98152922
 -24.18739379]"
"(7.2, 9.5)","[ -4.30160717  -4.68868042  -4.54677227  -4.55907232  -4.5403784
 -24.18739399]"
"(7.3, 9.5)","[ -3.87987453  -4.17118711  -4.07067254  -4.23124862  -4.05993337
 -24.18739407]"
"(7.4, 9.5)","[ -3.61905979  -3.67509449  -3.39582091  -3.74574413  -3.60461561
 -24.00000113]"
"(7.5, 9.5)","[ -4.17230774  -3.96350186  -4.07021969  -4.10785732  -4.12954725
 -24.18739398]"
"(7.6, 9.5)","[ -4.62484761  -4.43128537  -4.59385713  -4.6953714  -24.00000083
 -24.00002675]"
"(7.7, 9.5)","[ -5.11032955  -5.01990884  -5.0464604   -5.20269679 -24.00000083
 -24.00002675]"
"(7.8, 9.5)","[ -5.43725281  -5.33805336  -5.03645503  -5.34820455 -24.00000083
 -24.00002675]"
"(7.9, 9.5)","[ -5.81091469  -5.43453459  -5.65142737  -5.6677185  -24.00000088
 -24.0000268 ]"
"(8.0, 9.5)","[ -6.10425591  -5.88204372  -6.03300572  -6.0667749  -24.00000088
 -24.0000268 ]"
"(8.1, 9.5)","[ -6.33111446  -6.32777632  -6.17800996  -6.4437672  -24.00000088
 -24.0000268 ]"
"(8.2, 9.5)","[ -6.59013267  -6.54385133  -6.18719048  -6.61032933 -24.00000088
 -24.0000268 ]"
"(8.3, 9.5)","[ -6.78005536  -6.63786837  -6.77265158  -6.8023336  -24.00000088
 -24.0000268 ]"
"(8.4, 9.5)","[ -6.9982774   -6.95219078  -6.51140212  -6.9463887  -24.00000088
 -43.65211513]"
"(8.5, 9.5)","[ -7.13296648  -6.79439365  -7.12345349  -7.14707064 -24.00000088
 -24.0000268 ]"
"(8.6, 9.5)","[ -7.34287144  -7.09045201  -7.33931486  -7.34248351 -24.00000088
 -24.0000268 ]"
"(8.7, 9.5)","[ -7.5186233   -7.52980542  -7.42112445  -7.51552756 -24.00000088
 -24.0000268 ]"
"(8.8, 9.5)","[ -7.58784631  -7.59167404  -7.48319246  -7.60372213 -24.00000088
 -24.0000268 ]"
"(8.9, 9.5)","[ -7.78175423  -7.76531336  -7.73760542  -7.76959917 -24.00000088
 -24.0000268 ]"
"(9.0, 9.5)","[ -7.80296391  -7.92921083  -7.92315746  -7.93789801 -24.00000088
 -24.0000268 ]"
"(9.1, 9.5)","[ -7.77726554  -7.99345882  -7.98283889  -7.9821833  -24.00000088
 -24.0000268 ]"
"(9.2, 9.5)","[ -7.75044436  -8.05675717  -8.05151905  -8.05201056 -24.00000083
 -24.00002675]"
"(9.3, 9.5)","[ -7.72402853  -8.06389807  -8.05732076  -8.06708422 -24.00000083
 -24.00002675]"
"(9.4, 9.5)","[ -7.7001199   -8.08052263  -8.05135308  -8.07463162 -24.00000083
 -24.00002675]"
"(9.5, 9.5)","[ -7.67344918  -8.06892144  -8.05602478  -8.03969483 -24.00000083
 -24.00002675]"
"(9.6, 9.5)","[ -7.63911092  -8.01061545  -8.01166313  -7.97055132 -24.00000083
 -24.00002675]"
"(9.7, 9.5)","[ -7.59285649  -7.95680088  -7.91684058  -7.91513821 -24.00000083
 -24.00002675]"
"(9.8, 9.5)","[ -7.53661324  -7.8703037   -7.87173111  -7.88193974 -24.00000083
 -24.00002675]"
"(9.9, 9.5)","[ -7.47427244  -7.82279227  -7.80525976  -7.76580441 -24.00000088
 -24.0000268 ]"
"(10.0, 9.5)","[-24.18744353  -7.68481924  -7.70754814  -7.4120554  -24.00000093
 -24.00002685]"
"(7.0, 9.5)","[ -5.30584205 -24.00000026  -5.05685599  -5.36733124  -5.33783073
 -24.54889258]"
"(7.1, 9.6)","[ -4.25821427  -4.58408133  -4.57111025  -4.75922794  -4.61743829
 -24.00000129]"
"(7.2, 9.6)","[ -3.84209953  -4.11768439  -4.10378051  -4.29297143  -4.21856108
 -24.00000119]"
"(7.3, 9.6)","[ -3.3812453   -3.77196907  -3.58545711  -3.64040564  -3.68617967
 -24.00000119]"
"(7.4, 9.6)","[ -3.15853413  -3.39558032  -2.88863817  -3.16200235  -3.14991596
 -24.00000119]"
"(7.5, 9.6)","[ -3.61590584  -3.43677025  -3.605524    -3.59552104  -3.62012604
 -24.00000113]"
"(7.6, 9.6)","[ -4.31684997  -4.06249729  -4.15661876  -4.21308176 -24.00000083
 -24.00002675]"
"(7.7, 9.6)","[ -4.66253169  -4.61523403  -4.64610461  -4.81956585 -24.00000083
 -24.00002675]"
"(7.8, 9.6)","[ -5.09155751  -4.9722533   -4.65688185  -5.02240323 -24.00000083
 -24.00002675]"
"(7.9, 9.6)","[ -5.38117426  -5.11280276  -5.33100946  -5.42464313 -24.00000083
 -24.00002675]"
"(8.0, 9.6)","[ -5.86691884  -5.61483776  -5.75516371  -5.84851457 -24.00000083
 -24.00002675]"
"(8.1, 9.6)","[ -5.96148782  -5.97392975  -5.85312502  -6.01682693 -24.00000083
 -24.00002675]"
"(8.2, 9.6)","[ -6.32760798  -6.26028898  -5.88863529  -6.29638923 -24.00000083
 -24.00002675]"
"(8.3, 9.6)","[ -6.59672883  -6.35377386  -6.52231681  -6.58566901 -24.00000083
 -24.00002675]"
"(8.4, 9.6)","[ -6.74110831  -6.726249    -6.3458236   -6.76360671 -43.60933084
 -24.00002675]"
"(8.5, 9.6)","[ -6.932922    -6.54960883  -6.89316167  -6.94203691 -24.00000083
 -24.00002675]"
"(8.6, 9.6)","[ -7.10909774  -6.75955497  -7.10676542  -7.18548012 -24.00000083
 -24.00002675]"
"(8.7, 9.6)","[ -7.33776569  -7.13605013  -7.3474741   -7.39287909 -24.00000083
 -24.00002675]"
"(8.8, 9.6)","[ -7.4283566   -7.4171016   -7.15423824  -7.43086575 -24.00000083
 -24.00002675]"
"(8.9, 9.6)","[ -7.59199848  -7.49854358  -7.55734412  -7.59524438 -24.00000083
 -24.00002675]"
"(9.0, 9.6)","[ -7.75907297  -7.74145524  -7.52409662  -7.76641092 -24.00000083
 -24.00002675]"
"(9.1, 9.6)","[ -7.82992082  -7.77876679  -7.83565941  -7.88216868 -24.00000083
 -24.00002675]"
"(9.2, 9.6)","[ -7.80330143  -7.95492756  -7.94608498  -7.96315126 -24.00000083
 -24.00002675]"
"(9.3, 9.6)","[ -7.78089631  -8.00000839  -7.99000768  -7.99712044 -24.00000083
 -24.00002675]"
"(9.4, 9.6)","[ -7.75788661  -8.03801246  -8.03887491  -8.05168343 -24.00000083
 -24.00002675]"
"(9.5, 9.6)","[ -7.73494499  -8.04717374  -8.04088123  -8.0512933  -24.00000083
 -24.00002675]"
"(9.6, 9.6)","[ -7.70978962  -8.03564072  -8.03381129  -8.04013264 -24.00000083
 -24.00002675]"
"(9.7, 9.6)","[ -7.68297777  -8.02007888  -8.01519637  -7.98006873 -24.00000083
 -24.00002675]"
"(9.8, 9.6)","[ -7.65494938  -7.94292562  -7.91213628  -7.89871719 -24.00000083
 -24.00002675]"
"(9.9, 9.6)","[ -7.62849515  -7.84762826  -7.88328337  -7.85532606 -24.00000083
 -43.91350117]"
"(10.0, 9.6)","[-24.18744353  -7.77115326  -7.77422315  -7.58532952 -24.00000093
 -24.00002685]"
"(7.0, 9.6)","[ -4.9952616  -24.00000026  -4.71521892  -5.11109558  -5.0433801
 -24.00002695]"
"(7.1, 9.7)","[ -3.82479942  -4.20971542  -4.12104659  -4.21224548  -4.10213082
 -24.18739384]"
"(7.2, 9.7)","[ -3.3640253   -3.79541814  -3.58013938  -3.75789179  -3.68049987
 -24.18739397]"
"(7.3, 9.7)","[ -2.84341009  -3.2136293   -3.04552798  -3.0967306   -3.19195135
 -24.18739405]"
"(7.4, 9.7)","[ -3.11737203  -2.53428531  -2.24836018  -2.59068777  -2.49909054
 -24.18739413]"
"(7.5, 9.7)","[ -3.23936286  -2.84799803  -3.0411671   -3.07552184  -3.20675327
 -24.18739389]"
"(7.6, 9.7)","[ -3.88177853  -3.59492149  -3.71127728  -3.72383643 -24.00000083
 -24.00002675]"
"(7.7, 9.7)","[ -4.26840488  -4.18241291  -4.09481609  -4.38691679 -24.00000083
 -24.00002675]"
"(7.8, 9.7)","[ -4.78130867  -4.56298986  -4.26201434  -4.59943335 -24.00000083
 -24.00002675]"
"(7.9, 9.7)","[ -5.07491089  -4.86446089  -4.91852107  -4.93621743 -24.00000083
 -24.00002675]"
"(8.0, 9.7)","[ -5.41276815  -5.37160551  -5.27602644  -5.52691227 -24.00000083
 -24.00002675]"
"(8.1, 9.7)","[ -5.79873512  -5.65510111  -5.44155403  -5.71435559 -24.00000083
 -24.00002675]"
"(8.2, 9.7)","[ -6.03112789  -5.94127033  -5.58481905  -6.0522509  -24.00000083
 -24.00002675]"
"(8.3, 9.7)","[ -6.35863382  -6.09324395  -6.2405251   -6.24760292 -24.00000083
 -24.00002675]"
"(8.4, 9.7)","[ -6.4978972   -6.47305633  -6.14557915  -6.51181528 -24.00000083
 -24.00002675]"
"(8.5, 9.7)","[ -6.70666141  -6.44501744  -6.67778522  -6.69707644 -24.00000083
 -24.00002675]"
"(8.6, 9.7)","[ -6.96251883  -6.78462235  -6.90715939  -6.91586855 -24.00000083
 -24.00002675]"
"(8.7, 9.7)","[ -7.14698472  -7.15064322  -6.9185892   -7.1899267  -24.00000083
 -24.00002675]"
"(8.8, 9.7)","[ -7.25189575  -7.23320089  -6.87151037  -7.22729642 -24.00000083
 -24.00002675]"
"(8.9, 9.7)","[ -7.42629708  -7.42520653  -7.29517984  -7.49637644 -24.00000083
 -24.00002675]"
"(9.0, 9.7)","[ -7.57012531  -7.54048198  -7.27438927  -7.59867152 -24.00000083
 -24.00002675]"
"(9.1, 9.7)","[ -7.66515614  -7.67116361  -7.59022091  -7.65625831 -24.00000083
 -24.00002675]"
"(9.2, 9.7)","[ -7.84855208  -7.84919126  -7.728752    -7.86594402 -24.00000083
 -24.00002675]"
"(9.3, 9.7)","[ -7.84603033  -7.86768998  -7.87168257  -7.92700702 -24.00000083
 -24.00002675]"
"(9.4, 9.7)","[ -7.83462198  -7.96746964  -7.97370063  -7.98121982 -24.00000083
 -24.00002675]"
"(9.5, 9.7)","[ -7.82487969  -8.01214152  -8.01350455  -8.01242747 -24.00000083
 -24.00002675]"
"(9.6, 9.7)","[ -7.80502129  -8.08045826  -8.08802889  -8.07124363 -24.00000083
 -24.00002675]"
"(9.7, 9.7)","[ -7.77543829  -8.04825983  -8.05727197  -8.04393137 -24.00000083
 -24.00002675]"
"(9.8, 9.7)","[ -7.75275723  -8.00656566  -8.02592281  -8.0012878  -24.00000083
 -24.00002675]"
"(9.9, 9.7)","[ -7.7436198   -7.95877264  -7.94749237  -7.93498092 -24.00000083
 -24.00002675]"
"(10.0, 9.7)","[-24.18744353  -7.88565978  -7.9442369   -7.76295527 -24.00000093
 -24.00002685]"
"(7.0, 9.7)","[ -4.55593537 -24.00000026  -4.33931922  -4.66100414  -4.55390979
 -24.18744439]"
"(7.1, 9.8)","[ -3.33322405  -3.70565019  -3.68908644  -3.66087923  -3.80176325
 -24.00000124]"
"(7.2, 9.8)","[ -2.82060571  -3.33524125  -3.1102031   -3.27140253  -3.23385298
 -24.00000113]"
"(7.3, 9.8)","[ -2.25036747  -2.70782569  -2.4462986   -2.57947341  -2.69465022
 -24.00000113]"
"(7.4, 9.8)","[ -1.95791932  -2.20032295  -1.61723263  -2.25852123  -1.86186743
 -24.00000119]"
"(7.5, 9.8)","[ -2.70265214  -2.45509721  -2.41493991  -2.57198155  -2.55457914
 -24.18739389]"
"(7.6, 9.8)","[ -3.3013296   -3.12512521  -3.00924393  -3.24548923 -24.00000083
 -24.00002675]"
"(7.7, 9.8)","[ -3.60105572  -3.61637559  -3.39927242  -3.58229678 -24.00000083
 -24.00002675]"
"(7.8, 9.8)","[ -4.20493897  -4.08111136  -3.83890379  -4.24671482 -24.00000093
 -24.00002685]"
"(7.9, 9.8)","[ -4.66197226  -4.45475856  -4.52437857  -4.69952926 -24.00000093
 -24.00002685]"
"(8.0, 9.8)","[ -4.96182139  -4.92012798  -4.77379657  -5.03022524 -24.00000093
 -24.00002685]"
"(8.1, 9.8)","[ -5.35342523  -5.31483608  -5.01529852  -5.36171003 -24.00000093
 -24.00002685]"
"(8.2, 9.8)","[ -5.6306621   -5.59398415  -5.30503728  -5.74189589 -24.00000093
 -24.00002685]"
"(8.3, 9.8)","[ -6.06271524  -5.79842096  -5.93686765  -5.97680725 -24.00000093
 -24.00002685]"
"(8.4, 9.8)","[ -6.24025304  -6.20950694  -5.91900518  -6.30138482 -24.00000093
 -24.00002685]"
"(8.5, 9.8)","[ -6.52849174  -6.34370991  -6.45088779  -6.53795012 -24.00000093
 -24.00002685]"
"(8.6, 9.8)","[ -6.73505053  -6.67462863  -6.54680849  -6.68398526 -24.00000093
 -24.00002685]"
"(8.7, 9.8)","[ -6.93069373  -6.92190768  -6.5891859   -7.00964011 -24.00000093
 -24.00002685]"
"(8.8, 9.8)","[ -7.07502665  -7.02527555  -6.796793    -7.04515957 -24.00000093
 -24.00002685]"
"(8.9, 9.8)","[ -7.27654227  -7.21198534  -7.02997552  -7.22859809 -24.00000093
 -24.00002685]"
"(9.0, 9.8)","[ -7.37705658  -7.34851694  -7.13132848  -7.35822039 -24.00000093
 -43.20179575]"
"(9.1, 9.8)","[ -7.53416084  -7.52191958  -7.36922269  -7.54383125 -24.00000093
 -24.00002685]"
"(9.2, 9.8)","[ -7.71828899  -7.69702553  -7.48470881  -7.74976554 -24.00000093
 -24.00002685]"
"(9.3, 9.8)","[ -7.84800461  -7.84212282  -7.71276192  -7.83728433 -24.00000093
 -24.00002685]"
"(9.4, 9.8)","[ -7.91628273  -7.95271411  -7.94669144  -7.98197231 -24.00000093
 -24.00002685]"
"(9.5, 9.8)","[ -7.91331143  -7.96639522  -7.9767412   -7.95403534 -24.00000093
 -24.00002685]"
"(9.6, 9.8)","[ -7.90785726  -8.04482384  -8.04682271  -8.03794309 -24.00000093
 -24.00002685]"
"(9.7, 9.8)","[ -7.90020053  -8.09115631  -8.11292451  -8.09141242 -24.00000093
 -24.00002685]"
"(9.8, 9.8)","[ -7.88331869  -8.13552138  -8.13546916  -8.11217086 -24.00000093
 -24.00002685]"
"(9.9, 9.8)","[ -7.87051159  -8.09442552  -8.09152912  -8.04853399 -24.00000093
 -24.00002685]"
"(10.0, 9.8)","[-24.18744353  -8.03448482  -8.0144958   -7.83898718 -24.00000093
 -24.00002685]"
"(7.0, 9.8)","[ -4.14783925 -43.08668136  -3.92157584  -4.20046952  -4.15282726
 -24.00002695]"
"(7.1, 9.9)","[ -3.13640489  -3.33153663  -2.96342353  -3.23019112  -3.34604616
 -24.00000124]"
"(7.2, 9.9)","[ -2.21737173  -2.67057373  -2.46845095  -2.51552634  -2.51068029
 -24.00000113]"
"(7.3, 9.9)","[ -1.58495231  -1.94261197  -1.74114186  -1.74367746  -2.03443777
 -24.00000113]"
"(7.4, 9.9)","[ -1.20012185  -1.46872171  -0.8655973   -1.09086222  -1.38057927
 -42.41881581]"
"(7.5, 9.9)","[ -1.92039625  -1.55472523  -1.75230256  -2.08133347  -1.88284033
 -24.00000113]"
"(7.6, 9.9)","[ -2.53972018  -2.20742855  -2.44537164  -2.84396263 -24.00000083
 -24.00002675]"
"(7.7, 9.9)","[ -3.41320377  -2.82199389  -3.00663915  -3.11577654 -24.00000083
 -42.84600798]"
"(7.8, 9.9)","[ -3.6767222   -3.36896185  -3.58739158  -3.72393595 -24.00000088
 -24.0000268 ]"
"(7.9, 9.9)","[ -4.26087866  -3.85053925  -4.06643283  -4.08363322 -24.00000088
 -24.0000268 ]"
"(8.0, 9.9)","[ -4.65078471  -4.2644871   -4.49388652  -4.52367989 -24.00000088
 -24.0000268 ]"
"(8.1, 9.9)","[ -4.92146449  -4.64685627  -4.91035529  -5.09653025 -24.00000088
 -24.0000268 ]"
"(8.2, 9.9)","[ -5.38261765  -5.03749226  -5.30646922  -5.37609829 -24.00000088
 -24.0000268 ]"
"(8.3, 9.9)","[ -5.71132754  -5.30955272  -5.60635329  -5.75319762 -24.00000088
 -24.0000268 ]"
"(8.4, 9.9)","[ -6.08073017  -5.68247137  -5.9487723   -6.02841459 -24.00000088
 -24.0000268 ]"
"(8.5, 9.9)","[ -6.2499436   -5.92802696  -6.2483133   -6.332354   -24.00000088
 -24.0000268 ]"
"(8.6, 9.9)","[ -6.49570479  -6.18409315  -6.43740828  -6.49321898 -24.00000088
 -24.0000268 ]"
"(8.7, 9.9)","[ -6.69150098  -6.38278259  -6.64371741  -6.75200128 -24.00000088
 -24.0000268 ]"
"(8.8, 9.9)","[ -6.86304311  -6.63578504  -6.83321886  -6.8451691  -24.00000088
 -24.0000268 ]"
"(8.9, 9.9)","[ -7.06654377  -6.79904404  -7.05339781  -7.1125382  -24.00000088
 -24.0000268 ]"
"(9.0, 9.9)","[ -7.24961603  -6.971087    -7.18551349  -7.21539328 -24.00000088
 -24.0000268 ]"
"(9.1, 9.9)","[ -7.37887677  -7.22314611  -7.36183423  -7.38266657 -24.00000088
 -24.0000268 ]"
"(9.2, 9.9)","[ -7.52129086  -7.36401751  -7.52164767  -7.60653314 -24.00000088
 -24.0000268 ]"
"(9.3, 9.9)","[ -7.71038787  -7.49872274  -7.67520338  -7.68926081 -24.00000088
 -24.0000268 ]"
"(9.4, 9.9)","[ -7.85263031  -7.59807994  -7.78301794  -7.84400483 -24.00000088
 -24.0000268 ]"
"(9.5, 9.9)","[ -7.98010284  -7.83812263  -7.98240912  -7.99269906 -24.00000088
 -24.0000268 ]"
"(9.6, 9.9)","[ -8.03879412  -8.0464165   -8.04626694  -8.04320772 -24.00000088
 -24.0000268 ]"
"(9.7, 9.9)","[ -8.05097359  -8.1032403   -8.10339004  -8.10623928 -24.00000088
 -24.0000268 ]"
"(9.8, 9.9)","[ -8.06682124  -8.1544566   -8.15875804  -8.1546789  -24.00000088
 -24.0000268 ]"
"(9.9, 9.9)","[ -8.08188274  -8.15458509  -8.16528255  -8.14808616 -24.00000088
 -24.0000268 ]"
"(10.0, 9.9)","[-24.18744353  -8.13462941  -8.16681718  -8.09232099 -24.00000093
 -24.00002685]"
"(7.0, 9.9)","[ -3.73191537 -24.00000026  -3.45702964  -3.76016116  -3.85830381
 -24.00002695]"
"(7.1, 10.0)","[ -2.16839793  -2.65832573 -24.00000052  -2.67525496  -2.77293216
 -24.000027  ]"
"(7.2, 10.0)","[ -1.52021212  -2.02941697 -24.00000047  -1.81853617  -1.75730649
 -24.00002695]"
"(7.3, 10.0)","[ -0.8         -0.98569912 -24.00000047  -1.0229257   -1.12977304
 -24.00002695]"
"(7.4, 10.0)",[0. 0. 0. 0. 0. 0.]
"(7.8, 10.0)","[ -3.23011055  -3.01268614 -24.00000047  -3.10850969 -24.00002665
 -24.00005257]"
"(7.9, 10.0)","[ -3.69327421  -3.4881879  -24.18744431  -3.74179842 -24.00000088
 -24.0000268 ]"
"(8.0, 10.0)","[ -4.07760117  -3.99886972 -24.18744429  -4.1118144  -24.00000088
 -24.0000268 ]"
"(8.1, 10.0)","[ -4.64215125  -4.39129023 -24.37038905  -4.55285131 -24.00000088
 -24.0000268 ]"
"(8.2, 10.0)","[ -5.06697746  -4.88635709 -24.18744429  -5.00177589 -24.00000088
 -24.0000268 ]"
"(8.3, 10.0)","[ -5.41232894  -5.19700844 -24.37038905  -5.39412273 -24.00000088
 -24.0000268 ]"
"(8.4, 10.0)","[ -5.61170791  -5.53076199 -24.18744429  -5.69107587 -24.00000088
 -24.0000268 ]"
"(8.5, 10.0)","[ -6.05312354  -5.87912016 -24.37038905  -5.95314321 -24.00000088
 -24.0000268 ]"
"(8.6, 10.0)","[ -6.22038705  -6.08965162 -24.18744429  -6.20958828 -24.00000088
 -43.51948325]"
"(8.7, 10.0)","[ -6.49948094  -6.31593977 -24.37038905  -6.45901407 -24.00000088
 -24.0000268 ]"
"(8.8, 10.0)","[ -6.65599034  -6.55580586 -24.18744429  -6.68706083 -24.00000088
 -24.0000268 ]"
"(8.9, 10.0)","[ -6.91583453  -6.80382481 -24.37038905  -6.92183828 -24.00000088
 -24.0000268 ]"
"(9.0, 10.0)","[ -7.0712642   -6.93567122 -24.18744429  -7.08257736 -24.00000088
 -24.0000268 ]"
"(9.1, 10.0)","[ -7.2329552   -7.15043417 -24.37038905  -7.2203224  -24.00000088
 -24.0000268 ]"
"(9.2, 10.0)","[ -7.38750368  -7.29402891 -24.18744429  -7.39514712 -24.00000088
 -24.0000268 ]"
"(9.3, 10.0)","[ -7.52129669  -7.44036955 -24.37038905  -7.50873483 -24.00000088
 -24.0000268 ]"
"(9.4, 10.0)","[ -7.63252963  -7.51921559 -24.18744429  -7.58149678 -24.00000088
 -24.0000268 ]"
"(9.5, 10.0)","[ -7.80815832  -7.77918982 -24.37038905  -7.87060169 -24.00000088
 -24.0000268 ]"
"(9.6, 10.0)","[ -7.9202435   -7.89121252 -24.18744429  -7.90606314 -24.00000088
 -24.0000268 ]"
"(9.7, 10.0)","[ -8.00418036  -7.96806935 -24.37038905  -7.96938065 -24.00000088
 -24.0000268 ]"
"(9.8, 10.0)","[ -8.04172962  -8.01511054 -24.18744429  -8.05111902 -24.00000088
 -24.0000268 ]"
"(9.9, 10.0)","[ -8.12357222  -8.12517799 -24.37038905  -8.09818345 -24.00000088
 -24.0000268 ]"
"(10.0, 10.0)","[-24.18744353  -8.14046459 -24.1874699   -8.17094551 -24.00000093
 -24.00002685]"
"(7.7, 10.0)","[ -2.47832118  -2.37354206 -42.86265714  -2.38973849 -24.00000098
 -24.0000269 ]"
"(7.5, 10.0)","[ -1.07664917  -0.99999291 -24.18741858  -1.02289729  -1.09168711
 -24.00000124]"
"(7.6, 10.0)","[ -1.96117328  -1.68883554 -24.18744436  -1.86128655 -24.00000088
 -42.57570978]"
"(9.2, 7.1)","[ -5.883401    -6.04388401  -6.05035777  -6.12681289 -24.00000088
 -24.0000268 ]"
"(9.3, 7.1)","[ -5.64911469  -5.88893032  -5.76778486  -5.82284391 -24.00000088
 -24.0000268 ]"
"(9.4, 7.1)","[ -5.38869668  -5.5600752   -5.5119913   -5.57276134 -24.00000088
 -24.0000268 ]"
"(9.5, 7.1)","[ -5.09713647  -5.25702861  -5.18280224  -5.26766418 -24.00000088
  -5.19586962]"
"(9.6, 7.1)","[ -4.77107094  -4.97140673  -4.89286567  -5.00764357 -24.00000088
  -4.88727933]"
"(9.7, 7.1)","[ -4.41051454  -4.67388848  -4.48053319  -4.63117862 -24.00000088
  -4.47690944]"
"(9.8, 7.1)","[ -4.00832988  -4.08721095  -4.08648303  -4.12378346 -24.00000088
  -4.08106499]"
"(9.9, 7.1)","[ -3.73534989  -3.71788498  -3.66730986  -3.70329152 -24.00000088
  -3.56899993]"
"(10.0, 7.1)","[-24.18741787  -3.66848823  -3.65563282  -3.62647119 -24.00000093
  -3.60553468]"
"(9.1, 7.1)","[ -6.09509518  -6.31652345  -6.24784702  -6.25366642 -24.00000098
 -24.0000269 ]"
"(9.2, 7.2)","[ -5.62784153  -5.90835938  -5.81605453  -5.87663021 -24.00000093
 -24.00002685]"
"(9.3, 7.2)","[ -5.36456344  -5.52798786  -5.53874697  -5.52887406 -24.00000083
 -24.00002675]"
"(9.4, 7.2)","[ -5.07175649  -5.35698467  -5.2206196   -5.25613574 -24.00000083
 -24.00002675]"
"(9.5, 7.2)","[ -4.74625242  -4.98744448  -4.87331481  -5.03145778 -24.18739374
  -4.88926721]"
"(9.6, 7.2)","[ -4.38427203  -4.61249294  -4.49559393  -4.54777953 -24.18739368
  -4.46420455]"
"(9.7, 7.2)","[ -3.9807023   -4.11760179  -4.08301785  -4.17157806 -24.18739373
  -4.07261537]"
"(9.8, 7.2)","[ -3.52978696  -3.74355922  -3.60591076  -3.75410553 -24.37028903
  -3.5853315 ]"
"(9.9, 7.2)","[ -3.19194936  -3.17713215  -3.11655244  -3.1256967  -24.37028863
  -3.03341183]"
"(10.0, 7.2)","[-24.1873921   -3.27343895  -3.22605619  -3.26677777 -24.1874194
  -3.27949835]"
"(9.1, 7.2)","[ -5.86466025  -6.15072574  -6.07776008  -6.0772405  -24.00000104
 -24.00002696]"
"(9.2, 7.0)","[ -6.12804238  -6.19960605  -6.22009006 -24.00000073 -24.00002665
 -24.00005257]"
"(9.3, 7.0)","[ -5.92035334  -6.06262661  -5.95777698 -24.00000067 -24.00002659
 -24.00005251]"
"(9.4, 7.0)","[ -5.68939667  -5.82719667  -5.72041761 -24.00000067 -24.00002659
 -24.00005251]"
"(9.5, 7.0)","[ -5.43209333  -5.50830768  -5.47276666 -24.00000067 -24.00002659
  -5.47680233]"
"(9.6, 7.0)","[ -5.1446658   -5.29646759  -5.21413748 -24.00000067 -24.00002659
  -5.22366528]"
"(9.7, 7.0)","[ -4.82175781  -5.04171457  -4.86780668 -24.00000067 -24.00002659
  -4.86289396]"
"(9.8, 7.0)","[ -4.45565044  -4.66387022  -4.5303391  -24.00000067 -24.00002659
  -4.51990495]"
"(9.9, 7.0)","[ -4.19955624  -4.31872603  -4.16607206 -24.00000067 -24.00002659
  -4.04301888]"
"(10.0, 7.0)","[-24.18741787  -4.06468313  -4.03154992 -24.18744449 -24.00000093
  -4.04222705]"
"(9.1, 7.0)","[ -6.31538436  -6.43110934  -6.36031952 -24.18744434 -24.00000098
 -24.0000269 ]"
"(7.0, 10.0)","[ -2.95176183 -24.18744388 -24.00000047  -3.32401297  -3.39410436
 -24.00002695]"
"(7.1, 7.2)","[ -7.75282311  -8.33900125  -8.31345746  -8.31594636 -24.00000098
 -24.0000269 ]"
"(7.2, 7.2)","[ -7.72654547  -8.29968239  -8.26414384  -8.26781035 -24.00000083
 -24.00002675]"
"(7.3, 7.2)","[ -7.69592439  -8.22715229  -8.21420085  -8.22182348 -24.00000083
 -24.00002675]"
"(7.4, 7.2)","[ -7.66231204  -8.16941765  -8.17672867  -8.18930178 -24.00000083
 -24.00002675]"
"(7.5, 7.2)","[ -7.62420298  -8.10615801  -8.09849917  -8.09603831 -24.00000083
 -24.00002675]"
"(7.6, 7.2)","[ -7.57761505  -8.02071351  -7.99611352  -7.99315628 -24.00000083
 -24.00002675]"
"(7.7, 7.2)","[ -7.52181017  -7.97844338  -7.98182181  -7.97846746 -24.00000083
 -24.00002675]"
"(7.8, 7.2)","[ -7.46066293  -7.94843254  -7.92233952  -7.89473977 -24.00000083
 -24.00002675]"
"(7.9, 7.2)","[ -7.3979183   -7.84048693  -7.8441536   -7.85654133 -24.00000083
 -24.00002675]"
"(8.0, 7.2)","[ -7.33088168  -7.81093369  -7.80095729  -7.74747012 -24.00000083
 -24.00002675]"
"(8.1, 7.2)","[ -7.25640596  -7.68183183  -7.64391966  -7.62698744 -24.00000083
 -24.00002675]"
"(8.2, 7.2)","[ -7.17364837  -7.50067741  -7.52451422  -7.51458362 -24.00000083
 -24.00002675]"
"(8.3, 7.2)","[ -7.08165231  -7.40731712  -7.40478395  -7.45790553 -24.00000083
 -24.00002675]"
"(8.4, 7.2)","[ -6.97932631  -7.37046899  -7.3832672   -7.36965533 -24.00000083
 -24.00002675]"
"(8.5, 7.2)","[ -6.86548847  -7.22855366  -7.20745455  -7.22559033 -24.00000083
 -24.00002675]"
"(8.6, 7.2)","[ -6.73895161  -7.09724522  -7.06812928  -7.13016293 -24.00000083
 -24.00002675]"
"(8.7, 7.2)","[ -6.59845163  -6.94986446  -6.92048784  -6.93275093 -24.00000083
 -24.00002675]"
"(8.8, 7.2)","[ -6.44255026  -6.69619926  -6.71123969  -6.72031719 -24.00000083
 -24.00002675]"
"(8.9, 7.2)","[ -6.26962764  -6.55593029  -6.52806051  -6.54140862 -24.00000083
 -24.00002675]"
"(9.0, 7.2)","[ -6.07779117  -6.31532432  -6.31228068  -6.35374033 -24.00000083
 -24.00002675]"
"(7.0, 7.2)","[ -7.77653105 -24.00000026  -8.36233634  -8.36632772 -24.00002665
 -24.00005257]"
"(7.0, 7.1)","[ -8.14506737 -24.18744399  -8.34037668  -8.35387293 -24.00000093
 -24.00002685]"
"(7.1, 7.1)","[ -8.25871216  -8.25467527  -8.28074207  -8.16101164 -24.00000083
 -24.00002675]"
"(7.2, 7.1)","[ -8.0245427   -8.25562455  -8.23913512  -8.2513495  -24.00000083
 -24.00002675]"
"(7.3, 7.1)","[ -8.02449429  -8.2219028   -8.2128787   -8.19220933 -24.00000083
 -24.00002675]"
"(7.4, 7.1)","[ -8.15449441  -8.14217198  -8.17200865  -8.02108929 -24.00000083
 -24.00002675]"
"(7.5, 7.1)","[ -8.0624011   -8.05868508  -8.06635714  -7.95995036 -24.00000083
 -24.00002675]"
"(7.6, 7.1)","[ -7.97830653  -7.99037456  -7.99857777  -7.90860866 -24.00000083
 -24.00002675]"
"(7.7, 7.1)","[ -7.94000163  -7.9323796   -7.93338932  -7.86326018 -24.00000083
 -24.00002675]"
"(7.8, 7.1)","[ -7.9072122   -7.93134138  -7.72518587  -7.90179999 -24.00000083
 -24.00002675]"
"(7.9, 7.1)","[ -7.46371562  -7.85130468  -7.84341509  -7.83217917 -24.00000083
 -24.00002675]"
"(8.0, 7.1)","[ -7.40459878  -7.77232205  -7.76091636  -7.70843553 -24.00000083
 -24.00002675]"
"(8.1, 7.1)","[ -7.33832163  -7.67292994  -7.65593236  -7.6375588  -24.00000083
 -24.00002675]"
"(8.2, 7.1)","[ -7.26379372  -7.5810891   -7.57113202  -7.56273176 -24.00000083
 -24.00002675]"
"(8.3, 7.1)","[ -7.18133712  -7.50061123  -7.44435222  -7.44828056 -24.00000083
 -24.00002675]"
"(8.4, 7.1)","[ -7.09015     -7.35740498  -7.36096005  -7.37710758 -24.00000083
 -24.00002675]"
"(8.5, 7.1)","[ -6.98909106  -7.25004103  -7.27954076  -7.27161806 -24.00000083
 -24.00002675]"
"(8.6, 7.1)","[ -6.87692775  -7.1687878   -7.1284262   -7.08557924 -24.00000083
 -24.00002675]"
"(8.7, 7.1)","[ -6.75240352  -6.95622291  -6.96399898  -6.92366098 -24.00000083
 -24.00002675]"
"(8.8, 7.1)","[ -6.61378492  -6.76957134  -6.79667537  -6.8032369  -24.00000083
 -24.00002675]"
"(8.9, 7.1)","[ -6.45887449  -6.68264939  -6.62318663  -6.70897704 -24.00000083
 -24.00002675]"
"(9.0, 7.1)","[ -6.28648397  -6.51575495  -6.49312055  -6.48181189 -24.00000083
 -24.00002675]"
"(7.0, 7.0)","[ -7.95243587 -24.18744378  -8.32061707 -24.18747015 -24.00000093
 -24.00002685]"
"(7.1, 7.0)","[ -8.01007162  -8.26278318  -8.25428315 -24.37038902 -24.00000088
 -24.0000268 ]"
"(7.2, 7.0)","[ -7.84662913  -8.22903419  -8.24732543 -24.18744455 -24.00000088
 -24.0000268 ]"
"(7.3, 7.0)","[ -7.82214282  -8.19863991  -8.18472524 -24.18744455 -24.00000088
 -24.0000268 ]"
"(7.4, 7.0)","[ -7.7682098   -8.13174673  -8.09322465 -24.18744455 -24.00000088
 -24.0000268 ]"
"(7.5, 7.0)","[ -7.69531458  -8.03577557  -8.04007569 -24.18744455 -24.00000088
 -24.0000268 ]"
"(7.6, 7.0)","[ -7.65605724  -7.97571605  -7.95404437 -24.18744455 -24.00000088
 -24.0000268 ]"
"(7.7, 7.0)","[ -7.61624937  -7.89706864  -7.88802755 -24.18744455 -24.00000088
 -24.0000268 ]"
"(7.8, 7.0)","[ -7.57355036  -7.83444711  -7.83131553 -24.18744455 -24.00000088
 -24.0000268 ]"
"(7.9, 7.0)","[ -7.52606992  -7.78346841  -7.77577458 -24.18744455 -24.00000088
 -24.0000268 ]"
"(8.0, 7.0)","[ -7.47325099  -7.69114927  -7.66879484 -43.99533509 -24.00000088
 -24.0000268 ]"
"(8.1, 7.0)","[ -7.41468419  -7.57960467  -7.62060063 -24.18744455 -24.00000088
 -24.0000268 ]"
"(8.2, 7.0)","[ -7.34964542  -7.50355353  -7.53653808 -24.18744455 -24.00000088
 -24.0000268 ]"
"(8.3, 7.0)","[ -7.27742536  -7.39236973  -7.39329701 -24.18744455 -24.00000088
 -24.0000268 ]"
"(8.4, 7.0)","[ -7.19713938  -7.31465043  -7.35987883 -24.18744455 -24.00000088
 -24.0000268 ]"
"(8.5, 7.0)","[ -7.10778514  -7.26012896  -7.20886978 -24.18744455 -24.00000088
 -24.0000268 ]"
"(8.6, 7.0)","[ -7.00835403  -7.12885197  -7.11281307 -24.18744455 -24.00000088
 -24.0000268 ]"
"(8.7, 7.0)","[ -6.89760525  -6.95171744  -6.90689698 -24.18744455 -24.00000088
 -43.04021024]"
"(8.8, 7.0)","[ -6.77440489  -6.84272496  -6.84366472 -24.18744455 -24.00000088
 -24.0000268 ]"
"(8.9, 7.0)","[ -6.63722406  -6.69658931  -6.68241842 -24.18744455 -24.00000088
 -24.0000268 ]"
"(9.0, 7.0)","[ -6.48464564  -6.54594387  -6.5307698  -24.18744465 -24.00000088
 -24.0000268 ]"
